Id,Timestamp,HRESULT
271210,2016-10-11 03:04:25,0x80070490
11086,2016-10-04 06:23:48,0x800f080d
15830,2016-10-06 18:02:34,0x800f080d
309,2016-09-28 04:30:32,0x800f080d
13400,2016-10-05 00:39:39,0x800f080d
3082,2016-09-29 22:28:42,0x800f080d
12260,2016-10-04 16:50:14,0x800f080d
148,2016-09-28 04:30:31,0x800f080d
12190,2016-10-04 16:50:14,0x800f080d
23686,2016-10-10 19:28:45,0x800f080d
271630,2016-10-11 03:04:29,0x800f080d
10333,2016-10-03 11:08:59,0x800f080d
14167,2016-10-05 21:51:49,0x800f080d
3215,2016-09-29 22:28:43,0x800f080d
15663,2016-10-06 18:02:30,0x800f080d
18659,2016-10-08 07:05:50,0x800f080d
2999,2016-09-29 17:59:33,0x800f080d
14015,2016-10-05 21:51:48,0x800f080d
17573,2016-10-07 12:46:19,0x800f080d
9876,2016-10-02 21:11:31,0x800f080d
1474,2016-09-29 02:03:48,0x800f080d
10175,2016-10-03 11:08:57,0x800f080d
20477,2016-10-09 02:32:03,0x800f080d
4343,2016-09-30 07:08:56,0x800f0805
22945,2016-10-10 00:12:11,0x800f080d
11340,2016-10-04 06:23:51,0x800f080d
3162,2016-09-29 22:28:43,0x800f080d
18631,2016-10-08 07:05:50,0x800f080d
368116,2016-10-11 03:06:14,0x80070490
4291,2016-09-30 07:08:55,0x800f080d
8131,2016-10-02 11:59:45,0x800f080d
162305,2016-10-11 03:04:00,0x80070490
6982,2016-10-02 03:04:49,0x800f080d
6842,2016-10-02 00:01:40,0x800f080d
19565,2016-10-09 02:31:31,0x800f080d
10140,2016-10-03 11:08:57,0x800f080d
22969,2016-10-10 00:12:11,0x800f080d
8114,2016-10-02 11:59:45,0x800f080d
1275,2016-09-29 02:03:46,0x800f080d
4137,2016-09-30 07:08:53,0x800f080d
22727,2016-10-10 00:12:09,0x800f080d
22022,2016-10-09 04:36:39,0x800f080d
5968,2016-10-01 16:38:50,0x800f080d
17582,2016-10-07 12:46:19,0x800f080d
23731,2016-10-10 19:28:47,0x800f080d
13350,2016-10-05 00:39:39,0x800f080d
4077,2016-09-30 00:02:04,0x800f080d
3218,2016-09-29 22:28:43,0x800f080d
284617,2016-10-11 03:05:29,0x80070490
15761,2016-10-06 18:02:34,0x800f080d
12058,2016-10-04 16:50:13,0x800f080d
23912,2016-10-10 19:28:48,0x800f080d
19640,2016-10-09 02:31:32,0x800f080d
4065,2016-09-30 00:02:04,0x800f080d
4034,2016-09-30 00:02:04,0x800f080d
7735,2016-10-02 03:07:52,0x800f080d
375721,2016-10-11 03:06:15,0x80070490
17684,2016-10-07 12:46:22,0x800f080d
6954,2016-10-02 03:04:49,0x800f080d
2966,2016-09-29 17:59:33,0x800f080d
16764,2016-10-06 21:40:52,0x800f080d
3034,2016-09-29 17:59:33,0x800f080d
5028,2016-09-30 19:47:16,0x800f080d
12331,2016-10-04 16:50:14,0x800f080d
23767,2016-10-10 19:28:47,0x800f080d
21190,2016-10-09 03:00:26,0x800f080d
145,2016-09-28 04:30:31,0x800f080d
10018,2016-10-03 00:01:35,0x800f080d
10160,2016-10-03 11:08:57,0x800f080d
15014,2016-10-06 03:01:02,0x800f080d
10619,2016-10-03 11:09:22,0x800f0805
10099,2016-10-03 00:01:36,0x800f080d
8964,2016-10-02 14:01:08,0x800f080d
11055,2016-10-04 06:23:48,0x800f080d
10086,2016-10-03 00:01:36,0x800f080d
13096,2016-10-05 00:39:37,0x800f080d
6864,2016-10-02 00:01:40,0x800f080d
433542,2016-10-11 03:06:39,0x80070490
4274,2016-09-30 07:08:55,0x800f080d
23717,2016-10-10 19:28:45,0x800f080d
12019,2016-10-04 07:56:47,0x800f080d
8963,2016-10-02 14:01:08,0x800f080d
8922,2016-10-02 14:01:08,0x800f080d
14208,2016-10-05 21:51:50,0x800f080d
6197,2016-10-01 16:38:53,0x800f080d
350632,2016-10-11 03:05:45,0x80070490
76086,2016-10-11 03:02:54,0x80070490
6132,2016-10-01 16:38:53,0x800f080d
14108,2016-10-05 21:51:49,0x800f080d
1504,2016-09-29 02:03:48,0x800f080d
4118,2016-09-30 07:08:53,0x800f080d
6079,2016-10-01 16:38:53,0x800f080d
13305,2016-10-05 00:39:39,0x800f0805
21153,2016-10-09 03:00:26,0x800f080d
17488,2016-10-07 00:01:06,0x800f080d
267551,2016-10-11 03:04:25,0x80070490
8927,2016-10-02 14:01:08,0x800f080d
18565,2016-10-08 00:01:47,0x800f080d
10321,2016-10-03 11:08:59,0x800f080d
16803,2016-10-06 21:40:52,0x800f080d
7757,2016-10-02 03:07:52,0x800f080d
22915,2016-10-10 00:12:10,0x800f080d
22996,2016-10-10 00:12:11,0x800f080d
10135,2016-10-03 11:08:57,0x800f080d
11952,2016-10-04 07:56:47,0x800f080d
2995,2016-09-29 17:59:33,0x800f080d
7722,2016-10-02 03:07:52,0x800f080d
8925,2016-10-02 14:01:08,0x800f080d
2887,2016-09-29 17:57:30,0x800f080d
12205,2016-10-04 16:50:14,0x800f080d
148349,2016-10-11 03:03:48,0x80070490
11134,2016-10-04 06:23:50,0x800f080d
14293,2016-10-05 21:51:50,0x800f080d
15828,2016-10-06 18:02:34,0x800f080d
19747,2016-10-09 02:31:33,0x800f080d
18904,2016-10-08 07:05:53,0x800f080d
5232,2016-09-30 19:47:18,0x800f080d
9814,2016-10-02 21:11:31,0x800f080d
18628,2016-10-08 07:05:50,0x800f080d
8990,2016-10-02 14:01:08,0x800f080d
7971,2016-10-02 11:59:44,0x800f080d
109893,2016-10-11 03:03:19,0x800f080d
33798,2016-10-11 03:02:52,0x80070490
25636,2016-10-11 03:02:34,0x80070490
12992,2016-10-05 00:16:48,0x800f080d
2269,2016-09-29 03:00:27,0x800f080d
4338,2016-09-30 07:08:56,0x800f080d
4140,2016-09-30 07:08:53,0x800f080d
11131,2016-10-04 06:23:50,0x800f080d
12080,2016-10-04 16:50:13,0x800f080d
9035,2016-10-02 14:01:08,0x800f080d
10420,2016-10-03 11:08:59,0x800f080d
3010,2016-09-29 17:59:33,0x800f080d
5021,2016-09-30 19:47:16,0x800f080d
5022,2016-09-30 19:47:16,0x800f080d
21870,2016-10-09 04:36:38,0x800f080d
4255,2016-09-30 07:08:55,0x800f080d
1375,2016-09-29 02:03:48,0x800f080d
4155,2016-09-30 07:08:53,0x800f080d
5989,2016-10-01 16:38:50,0x800f080d
17763,2016-10-07 12:46:22,0x800f080d
16807,2016-10-06 21:40:52,0x800f080d
11161,2016-10-04 06:23:50,0x800f080d
1299,2016-09-29 02:03:46,0x800f080d
229,2016-09-28 04:30:31,0x800f080d
16752,2016-10-06 21:40:51,0x800f080d
3072,2016-09-29 22:28:41,0x800f080d
399,2016-09-28 04:30:33,0x800f080d
15844,2016-10-06 18:02:34,0x800f080d
109934,2016-10-11 03:03:20,0x800f080d
19694,2016-10-09 02:31:32,0x800f080d
23855,2016-10-10 19:28:48,0x800f080d
6075,2016-10-01 16:38:53,0x800f080d
1311,2016-09-29 02:03:46,0x800f080d
109954,2016-10-11 03:03:20,0x800f080d
8779,2016-10-02 14:01:07,0x800f080d
19580,2016-10-09 02:31:31,0x800f080d
6937,2016-10-02 00:01:40,0x800f080d
283,2016-09-28 04:30:32,0x800f080d
14098,2016-10-05 21:51:49,0x800f080d
12996,2016-10-05 00:16:48,0x800f080d
12082,2016-10-04 16:50:13,0x800f080d
6950,2016-10-02 03:04:49,0x800f080d
1207,2016-09-29 00:01:47,0x800f080d
6957,2016-10-02 03:04:49,0x800f080d
15662,2016-10-06 18:02:30,0x800f080d
23801,2016-10-10 19:28:47,0x800f080d
13249,2016-10-05 00:39:38,0x800f080d
271581,2016-10-11 03:04:28,0x800f080d
6069,2016-10-01 16:38:53,0x800f080d
12186,2016-10-04 16:50:14,0x800f080d
6913,2016-10-02 00:01:40,0x800f080d
19615,2016-10-09 02:31:31,0x800f080d
17851,2016-10-07 12:46:23,0x800f080d
10412,2016-10-03 11:08:59,0x800f080d
5952,2016-10-01 16:38:50,0x800f080d
7150,2016-10-02 03:06:50,0x800f080d
196388,2016-10-11 03:04:02,0x80070490
11171,2016-10-04 06:23:50,0x800f080d
12125,2016-10-04 16:50:13,0x800f080d
13078,2016-10-05 00:39:37,0x800f080d
15898,2016-10-06 18:02:34,0x800f080d
22899,2016-10-10 00:12:10,0x800f080d
1547,2016-09-29 02:03:48,0x800f080d
109891,2016-10-11 03:03:19,0x800f080d
7898,2016-10-02 11:59:42,0x800f080d
21952,2016-10-09 04:36:39,0x800f080d
4418,2016-09-30 07:08:56,0x800f080d
12031,2016-10-04 07:56:47,0x800f080d
13328,2016-10-05 00:39:39,0x800f080d
4234,2016-09-30 07:08:55,0x800f080d
12963,2016-10-05 00:16:48,0x800f080d
390696,2016-10-11 03:06:22,0x80070490
11054,2016-10-04 06:23:48,0x800f080d
12262,2016-10-04 16:50:14,0x800f080d
8895,2016-10-02 14:01:08,0x800f080d
4141,2016-09-30 07:08:53,0x800f080d
7772,2016-10-02 03:07:52,0x800f080d
23928,2016-10-10 19:28:48,0x800f080d
6066,2016-10-01 16:38:53,0x800f080d
23769,2016-10-10 19:28:47,0x800f080d
12087,2016-10-04 16:50:13,0x800f080d
8926,2016-10-02 14:01:08,0x800f080d
1279,2016-09-29 02:03:46,0x800f080d
23692,2016-10-10 19:28:45,0x800f080d
5320,2016-09-30 19:47:18,0x800f0805
4143,2016-09-30 07:08:53,0x800f080d
23691,2016-10-10 19:28:45,0x800f080d
4347,2016-09-30 07:08:56,0x800f080d
8128,2016-10-02 11:59:45,0x800f080d
16793,2016-10-06 21:40:52,0x800f0805
16855,2016-10-06 21:40:52,0x800f0805
11260,2016-10-04 06:23:51,0x800f080d
15921,2016-10-06 18:02:34,0x800f080d
10413,2016-10-03 11:08:59,0x800f080d
18489,2016-10-08 00:01:47,0x800f080d
16714,2016-10-06 21:40:51,0x800f080d
10213,2016-10-03 11:08:57,0x800f080d
4257,2016-09-30 07:08:55,0x800f080d
14979,2016-10-06 03:01:02,0x800f080d
11081,2016-10-04 06:23:48,0x800f080d
20551,2016-10-09 02:32:03,0x800f080d
7774,2016-10-02 03:07:52,0x800f080d
17645,2016-10-07 12:46:20,0x800f080d
1309,2016-09-29 02:03:46,0x800f080d
109902,2016-10-11 03:03:19,0x800f080d
147,2016-09-28 04:30:31,0x800f080d
275598,2016-10-11 03:05:26,0x80070490
15618,2016-10-06 18:02:30,0x800f080d
265245,2016-10-11 03:04:24,0x80070490
13211,2016-10-05 00:39:38,0x800f080d
1223,2016-09-29 00:01:47,0x800f080d
12318,2016-10-04 16:50:14,0x800f080d
19628,2016-10-09 02:31:32,0x800f080d
7866,2016-10-02 11:59:42,0x800f080d
10326,2016-10-03 11:08:59,0x800f080d
16796,2016-10-06 21:40:52,0x800f080d
12000,2016-10-04 07:56:47,0x800f080d
23766,2016-10-10 19:28:47,0x800f080d
2260,2016-09-29 03:00:27,0x800f080d
21187,2016-10-09 03:00:26,0x800f080d
16753,2016-10-06 21:40:51,0x800f080d
157,2016-09-28 04:30:31,0x800f080d
264525,2016-10-11 03:04:22,0x80070490
7045,2016-10-02 03:04:49,0x800f080d
1366,2016-09-29 02:03:48,0x800f080d
10260,2016-10-03 11:08:59,0x800f080d
8127,2016-10-02 11:59:45,0x800f080d
21830,2016-10-09 04:36:38,0x800f080d
18705,2016-10-08 07:05:51,0x800f0805
2854,2016-09-29 17:57:30,0x800f080d
13004,2016-10-05 00:16:48,0x800f080d
4381,2016-09-30 07:08:56,0x800f0805
17661,2016-10-07 12:46:20,0x800f080d
264415,2016-10-11 03:04:22,0x80070490
12202,2016-10-04 16:50:14,0x800f080d
3233,2016-09-29 22:28:43,0x800f080d
1137,2016-09-29 00:01:46,0x800f080d
4152,2016-09-30 07:08:53,0x800f080d
2259,2016-09-29 03:00:27,0x800f080d
5025,2016-09-30 19:47:16,0x800f080d
3211,2016-09-29 22:28:43,0x800f080d
13158,2016-10-05 00:39:37,0x800f080d
5916,2016-10-01 16:38:50,0x800f080d
5925,2016-10-01 16:38:50,0x800f080d
278,2016-09-28 04:30:32,0x800f080d
11314,2016-10-04 06:23:51,0x800f080d
10047,2016-10-03 00:01:35,0x800f080d
8773,2016-10-02 14:01:07,0x800f080d
20468,2016-10-09 02:32:03,0x800f080d
1480,2016-09-29 02:03:48,0x800f080d
2971,2016-09-29 17:59:33,0x800f080d
12257,2016-10-04 16:50:14,0x800f080d
4061,2016-09-30 00:02:04,0x800f080d
232,2016-09-28 04:30:31,0x800f080d
10398,2016-10-03 11:08:59,0x800f080d
6063,2016-10-01 16:38:53,0x800f080d
10316,2016-10-03 11:08:59,0x800f080d
22997,2016-10-10 00:12:11,0x800f080d
12988,2016-10-05 00:16:48,0x800f080d
197,2016-09-28 04:30:31,0x800f080d
10287,2016-10-03 11:08:59,0x800f080d
153,2016-09-28 04:30:31,0x800f080d
13354,2016-10-05 00:39:39,0x800f080d
7143,2016-10-02 03:06:50,0x800f080d
6144,2016-10-01 16:38:53,0x800f080d
4292,2016-09-30 07:08:55,0x800f080d
5053,2016-09-30 19:47:16,0x800f080d
9695,2016-10-02 21:09:07,0x800f080d
10324,2016-10-03 11:08:59,0x800f080d
10048,2016-10-03 00:01:35,0x800f080d
15855,2016-10-06 18:02:34,0x800f080d
9033,2016-10-02 14:01:08,0x800f080d
9975,2016-10-02 21:15:10,0x800f080d
6871,2016-10-02 00:01:40,0x800f080d
109942,2016-10-11 03:03:20,0x800f080d
3237,2016-09-29 22:28:43,0x800f080d
3250,2016-09-29 22:28:43,0x800f080d
23846,2016-10-10 19:28:48,0x800f080d
12253,2016-10-04 16:50:14,0x800f080d
21863,2016-10-09 04:36:38,0x800f0805
9061,2016-10-02 14:01:08,0x800f080d
12049,2016-10-04 16:50:13,0x800f080d
271584,2016-10-11 03:04:28,0x800f080d
21860,2016-10-09 04:36:38,0x800f080d
131537,2016-10-11 03:03:40,0x80070490
8987,2016-10-02 14:01:08,0x800f080d
40794,2016-10-11 03:02:53,0x80070490
16832,2016-10-06 21:40:52,0x800f080d
6416,2016-10-01 16:39:18,0x800f0805
12969,2016-10-05 00:16:48,0x800f080d
22735,2016-10-10 00:12:09,0x800f080d
4373,2016-09-30 07:08:56,0x800f080d
12335,2016-10-04 16:50:14,0x800f080d
13064,2016-10-05 00:16:48,0x800f080d
12117,2016-10-04 16:50:13,0x800f080d
5195,2016-09-30 19:47:17,0x800f080d
16677,2016-10-06 21:40:51,0x800f080d
13062,2016-10-05 00:16:48,0x800f080d
8132,2016-10-02 11:59:45,0x800f080d
23716,2016-10-10 19:28:45,0x800f080d
6882,2016-10-02 00:01:40,0x800f080d
10273,2016-10-03 11:08:59,0x800f080d
25589,2016-10-11 03:02:34,0x80070490
6124,2016-10-01 16:38:53,0x800f080d
15839,2016-10-06 18:02:34,0x800f080d
5105,2016-09-30 19:47:16,0x800f080d
22796,2016-10-10 00:12:09,0x800f080d
2998,2016-09-29 17:59:33,0x800f080d
14133,2016-10-05 21:51:49,0x800f080d
13251,2016-10-05 00:39:38,0x800f080d
7010,2016-10-02 03:04:49,0x800f080d
6879,2016-10-02 00:01:40,0x800f080d
310785,2016-10-11 03:05:44,0x80070490
6067,2016-10-01 16:38:53,0x800f080d
10069,2016-10-03 00:01:35,0x800f080d
372779,2016-10-11 03:06:15,0x80070490
16705,2016-10-06 21:40:51,0x800f080d
9780,2016-10-02 21:11:31,0x800f080d
19609,2016-10-09 02:31:31,0x800f080d
9079,2016-10-02 14:01:09,0x800f0805
18642,2016-10-08 07:05:50,0x800f080d
5230,2016-09-30 19:47:18,0x800f080d
2861,2016-09-29 17:57:30,0x800f080d
485,2016-09-28 04:30:33,0x800f080d
1475,2016-09-29 02:03:48,0x800f080d
3009,2016-09-29 17:59:33,0x800f080d
1427,2016-09-29 02:03:48,0x800f080d
10081,2016-10-03 00:01:36,0x800f080d
78059,2016-10-11 03:02:54,0x80070490
6218,2016-10-01 16:38:53,0x800f080d
109971,2016-10-11 03:03:20,0x800f080d
20481,2016-10-09 02:32:03,0x800f080d
18724,2016-10-08 07:05:53,0x800f080d
23736,2016-10-10 19:28:47,0x800f080d
17666,2016-10-07 12:46:21,0x800f0805
438,2016-09-28 04:30:33,0x800f080d
11061,2016-10-04 06:23:48,0x800f080d
15935,2016-10-06 18:02:35,0x800f0805
23802,2016-10-10 19:28:47,0x800f080d
4221,2016-09-30 07:08:55,0x800f080d
1360,2016-09-29 02:03:48,0x800f080d
18545,2016-10-08 00:01:47,0x800f080d
17483,2016-10-07 00:01:06,0x800f080d
13094,2016-10-05 00:39:37,0x800f080d
23881,2016-10-10 19:28:48,0x800f080d
21867,2016-10-09 04:36:38,0x800f080d
1505,2016-09-29 02:03:48,0x800f080d
9912,2016-10-02 21:15:10,0x800f080d
15891,2016-10-06 18:02:34,0x800f080d
8088,2016-10-02 11:59:45,0x800f080d
22004,2016-10-09 04:36:39,0x800f080d
38694,2016-10-11 03:02:53,0x80070490
11949,2016-10-04 07:56:47,0x800f080d
13086,2016-10-05 00:39:37,0x800f080d
10425,2016-10-03 11:08:59,0x800f080d
387346,2016-10-11 03:06:21,0x80070490
481,2016-09-28 04:30:33,0x800f080d
271569,2016-10-11 03:04:28,0x800f080d
18719,2016-10-08 07:05:53,0x800f080d
13153,2016-10-05 00:39:37,0x800f080d
18610,2016-10-08 07:05:50,0x800f080d
10055,2016-10-03 00:01:35,0x800f080d
21838,2016-10-09 04:36:38,0x800f080d
12062,2016-10-04 16:50:13,0x800f080d
3107,2016-09-29 22:28:42,0x800f0805
360617,2016-10-11 03:05:46,0x80070490
11099,2016-10-04 06:23:48,0x800f080d
22731,2016-10-10 00:12:09,0x800f080d
4142,2016-09-30 07:08:53,0x800f080d
16607,2016-10-06 21:40:50,0x800f080d
12083,2016-10-04 16:50:13,0x800f080d
3305,2016-09-29 22:28:43,0x800f080d
14022,2016-10-05 21:51:48,0x800f080d
1410,2016-09-29 02:03:48,0x800f080d
13166,2016-10-05 00:39:37,0x800f080d
21222,2016-10-09 03:00:26,0x800f080d
16616,2016-10-06 21:40:50,0x800f0805
1313,2016-09-29 02:03:46,0x800f080d
17664,2016-10-07 12:46:20,0x800f080d
359230,2016-10-11 03:05:46,0x80070490
22076,2016-10-09 04:36:39,0x800f080d
90189,2016-10-11 03:02:55,0x80070490
14976,2016-10-06 03:01:02,0x800f080d
19824,2016-10-09 02:31:33,0x800f080d
22912,2016-10-10 00:12:10,0x800f080d
12994,2016-10-05 00:16:48,0x800f080d
17843,2016-10-07 12:46:23,0x800f080d
12269,2016-10-04 16:50:14,0x800f080d
3161,2016-09-29 22:28:43,0x800f080d
8840,2016-10-02 14:01:07,0x800f080d
231405,2016-10-11 03:04:03,0x80070490
377796,2016-10-11 03:06:19,0x80070490
361584,2016-10-11 03:05:46,0x80070490
10142,2016-10-03 11:08:57,0x800f080d
23721,2016-10-10 19:28:45,0x800f080d
15681,2016-10-06 18:02:30,0x800f080d
22029,2016-10-09 04:36:39,0x800f080d
22767,2016-10-10 00:12:09,0x800f080d
23843,2016-10-10 19:28:48,0x800f080d
16715,2016-10-06 21:40:51,0x800f080d
211760,2016-10-11 03:04:02,0x80070490
18546,2016-10-08 00:01:47,0x800f080d
5064,2016-09-30 19:47:16,0x800f080d
9779,2016-10-02 21:11:31,0x800f080d
11119,2016-10-04 06:23:48,0x800f080d
6157,2016-10-01 16:38:53,0x800f080d
1206,2016-09-29 00:01:47,0x800f080d
17536,2016-10-07 00:01:06,0x800f080d
386086,2016-10-11 03:06:21,0x80070490
4186,2016-09-30 07:08:53,0x800f080d
12188,2016-10-04 16:50:14,0x800f080d
17811,2016-10-07 12:46:23,0x800f080d
11048,2016-10-04 06:23:48,0x800f080d
19703,2016-10-09 02:31:32,0x800f080d
5915,2016-10-01 16:38:50,0x800f080d
14206,2016-10-05 21:51:50,0x800f080d
4121,2016-09-30 07:08:53,0x800f080d
18524,2016-10-08 00:01:47,0x800f080d
109953,2016-10-11 03:03:20,0x800f080d
404935,2016-10-11 03:06:38,0x80070490
22030,2016-10-09 04:36:39,0x800f080d
6221,2016-10-01 16:38:53,0x800f080d
1330,2016-09-29 02:03:46,0x800f080d
360579,2016-10-11 03:05:46,0x80070490
6203,2016-10-01 16:38:53,0x800f080d
4062,2016-09-30 00:02:04,0x800f080d
12095,2016-10-04 16:50:13,0x800f080d
12350,2016-10-04 16:50:14,0x800f080d
1478,2016-09-29 02:03:48,0x800f080d
12261,2016-10-04 16:50:14,0x800f080d
12185,2016-10-04 16:50:14,0x800f080d
4376,2016-09-30 07:08:56,0x800f080d
6974,2016-10-02 03:04:49,0x800f080d
18675,2016-10-08 07:05:50,0x800f080d
23687,2016-10-10 19:28:45,0x800f080d
5222,2016-09-30 19:47:18,0x800f080d
7725,2016-10-02 03:07:52,0x800f080d
5264,2016-09-30 19:47:18,0x800f080d
1222,2016-09-29 00:01:47,0x800f080d
10391,2016-10-03 11:08:59,0x800f080d
12336,2016-10-04 16:50:14,0x800f080d
372662,2016-10-11 03:06:15,0x80070490
22091,2016-10-09 04:36:39,0x800f080d
13258,2016-10-05 00:39:38,0x800f080d
360581,2016-10-11 03:05:46,0x80070490
4269,2016-09-30 07:08:55,0x800f080d
8126,2016-10-02 11:59:45,0x800f080d
312,2016-09-28 04:30:32,0x800f080d
1345,2016-09-29 02:03:46,0x800f080d
5310,2016-09-30 19:47:18,0x800f080d
8808,2016-10-02 14:01:07,0x800f080d
14030,2016-10-05 21:51:48,0x800f080d
3297,2016-09-29 22:28:43,0x800f080d
1376,2016-09-29 02:03:48,0x800f080d
7968,2016-10-02 11:59:44,0x800f080d
13247,2016-10-05 00:39:38,0x800f080d
11293,2016-10-04 06:23:51,0x800f080d
9778,2016-10-02 21:11:31,0x800f080d
5142,2016-09-30 19:47:17,0x800f080d
309255,2016-10-11 03:05:43,0x80070490
2884,2016-09-29 17:57:30,0x800f080d
5209,2016-09-30 19:47:17,0x800f080d
7931,2016-10-02 11:59:42,0x800f080d
3094,2016-09-29 22:28:42,0x800f080d
13041,2016-10-05 00:16:48,0x800f080d
23689,2016-10-10 19:28:45,0x800f080d
14237,2016-10-05 21:51:50,0x800f0805
15646,2016-10-06 18:02:30,0x800f080d
1331,2016-09-29 02:03:46,0x800f080d
13994,2016-10-05 21:51:48,0x800f080d
17805,2016-10-07 12:46:23,0x800f080d
1369,2016-09-29 02:03:48,0x800f080d
4189,2016-09-30 07:08:53,0x800f080d
3321,2016-09-29 22:28:43,0x800f080d
12346,2016-10-04 16:50:14,0x800f080d
3051,2016-09-29 17:59:49,0x00000000
10027,2016-10-03 00:01:35,0x800f080d
4238,2016-09-30 07:08:55,0x800f080d
15765,2016-10-06 18:02:34,0x800f080d
11066,2016-10-04 06:23:48,0x800f080d
13359,2016-10-05 00:39:39,0x800f080d
21794,2016-10-09 04:36:38,0x800f080d
19658,2016-10-09 02:31:32,0x800f080d
14964,2016-10-06 03:01:02,0x800f080d
3283,2016-09-29 22:28:43,0x800f080d
20479,2016-10-09 02:32:03,0x800f080d
4041,2016-09-30 00:02:04,0x800f080d
286,2016-09-28 04:30:32,0x800f080d
33797,2016-10-11 03:02:52,0x80070490
4308,2016-09-30 07:08:56,0x800f080d
9037,2016-10-02 14:01:08,0x800f080d
13246,2016-10-05 00:39:38,0x800f080d
23628,2016-10-10 19:28:45,0x800f080d
263690,2016-10-11 03:04:21,0x80070490
13361,2016-10-05 00:39:39,0x800f080d
2257,2016-09-29 03:00:27,0x800f080d
21821,2016-10-09 04:36:38,0x800f080d
21861,2016-10-09 04:36:38,0x800f080d
3167,2016-09-29 22:28:43,0x800f080d
10165,2016-10-03 11:08:57,0x800f080d
1197,2016-09-29 00:01:47,0x800f080d
4340,2016-09-30 07:08:56,0x800f080d
21173,2016-10-09 03:00:26,0x800f080d
12195,2016-10-04 16:50:14,0x800f080d
1420,2016-09-29 02:03:48,0x800f080d
22879,2016-10-10 00:12:10,0x800f080d
8162,2016-10-02 11:59:45,0x800f080d
10024,2016-10-03 00:01:35,0x800f080d
109876,2016-10-11 03:03:19,0x800f080d
1349,2016-09-29 02:03:46,0x800f080d
10424,2016-10-03 11:08:59,0x800f080d
21894,2016-10-09 04:36:38,0x800f080d
271597,2016-10-11 03:04:28,0x800f080d
160,2016-09-28 04:30:31,0x800f080d
17521,2016-10-07 00:01:06,0x800f080d
14248,2016-10-05 21:51:50,0x800f080d
7899,2016-10-02 11:59:42,0x800f080d
7947,2016-10-02 11:59:42,0x800f080d
3291,2016-09-29 22:28:43,0x800f080d
9049,2016-10-02 14:01:08,0x800f080d
12179,2016-10-04 16:50:14,0x800f080d
3248,2016-09-29 22:28:43,0x800f080d
11961,2016-10-04 07:56:47,0x800f080d
8045,2016-10-02 11:59:44,0x800f080d
5985,2016-10-01 16:38:50,0x800f080d
22088,2016-10-09 04:36:39,0x800f080d
1561,2016-09-29 02:03:48,0x800f080d
20548,2016-10-09 02:32:03,0x800f080d
21852,2016-10-09 04:36:38,0x800f080d
18776,2016-10-08 07:05:53,0x800f080d
7879,2016-10-02 11:59:42,0x800f080d
21179,2016-10-09 03:00:26,0x800f080d
15904,2016-10-06 18:02:34,0x800f080d
17789,2016-10-07 12:46:23,0x800f0805
6087,2016-10-01 16:38:53,0x800f080d
3089,2016-09-29 22:28:42,0x800f080d
11197,2016-10-04 06:23:50,0x800f080d
259276,2016-10-11 03:04:16,0x80070490
6938,2016-10-02 00:01:40,0x800f080d
109903,2016-10-11 03:03:19,0x800f080d
21889,2016-10-09 04:36:38,0x800f080d
21833,2016-10-09 04:36:38,0x800f080d
388,2016-09-28 04:30:33,0x800f080d
9878,2016-10-02 21:11:48,0x00000000
9725,2016-10-02 21:09:07,0x800f080d
22037,2016-10-09 04:36:39,0x800f080d
19729,2016-10-09 02:31:33,0x800f080d
21944,2016-10-09 04:36:39,0x800f080d
22844,2016-10-10 00:12:10,0x800f080d
23659,2016-10-10 19:28:45,0x800f080d
2273,2016-09-29 03:00:27,0x800f080d
109940,2016-10-11 03:03:20,0x800f080d
351,2016-09-28 04:30:32,0x800f080d
15918,2016-10-06 18:02:34,0x800f080d
19604,2016-10-09 02:31:31,0x800f080d
194575,2016-10-11 03:04:02,0x80070490
22869,2016-10-10 00:12:10,0x800f080d
2997,2016-09-29 17:59:33,0x800f080d
21214,2016-10-09 03:00:26,0x800f080d
21227,2016-10-09 03:00:26,0x800f080d
17644,2016-10-07 12:46:20,0x800f080d
12129,2016-10-04 16:50:13,0x800f080d
14135,2016-10-05 21:51:49,0x800f080d
13346,2016-10-05 00:39:39,0x800f080d
6898,2016-10-02 00:01:40,0x800f080d
9095,2016-10-02 14:01:09,0x800f0805
8166,2016-10-02 11:59:45,0x800f080d
19636,2016-10-09 02:31:32,0x800f080d
11063,2016-10-04 06:23:48,0x800f080d
15051,2016-10-06 03:01:02,0x800f080d
19701,2016-10-09 02:31:32,0x800f080d
18730,2016-10-08 07:05:53,0x800f080d
1502,2016-09-29 02:03:48,0x800f080d
20463,2016-10-09 02:32:03,0x800f080d
5131,2016-09-30 19:47:17,0x800f080d
254379,2016-10-11 03:04:15,0x80070490
15940,2016-10-06 18:02:35,0x800f0805
17647,2016-10-07 12:46:20,0x800f080d
20550,2016-10-09 02:32:03,0x800f080d
20472,2016-10-09 02:32:03,0x800f080d
4262,2016-09-30 07:08:55,0x800f080d
14179,2016-10-05 21:51:49,0x800f080d
6994,2016-10-02 03:04:49,0x800f080d
472,2016-09-28 04:30:33,0x800f080d
368330,2016-10-11 03:06:14,0x80070490
4024,2016-09-30 00:02:04,0x800f080d
12035,2016-10-04 07:56:47,0x800f080d
14145,2016-10-05 21:51:49,0x800f080d
2184,2016-09-29 03:00:27,0x800f080d
18526,2016-10-08 00:01:47,0x800f080d
5231,2016-09-30 19:47:18,0x800f080d
10026,2016-10-03 00:01:35,0x800f080d
12343,2016-10-04 16:50:14,0x800f080d
3054,2016-09-29 22:28:41,0x800f080d
240336,2016-10-11 03:04:15,0x80070490
12115,2016-10-04 16:50:13,0x800f080d
11138,2016-10-04 06:23:50,0x800f080d
3148,2016-09-29 22:28:42,0x800f080d
22924,2016-10-10 00:12:11,0x800f080d
16806,2016-10-06 21:40:52,0x800f080d
8774,2016-10-02 14:01:07,0x800f080d
10315,2016-10-03 11:08:59,0x800f080d
18844,2016-10-08 07:05:53,0x800f080d
2272,2016-09-29 03:00:27,0x800f080d
7980,2016-10-02 11:59:44,0x800f080d
21858,2016-10-09 04:36:38,0x800f080d
4349,2016-09-30 07:08:56,0x800f080d
2885,2016-09-29 17:57:30,0x800f080d
18580,2016-10-08 00:01:47,0x800f080d
7172,2016-10-02 03:06:50,0x800f080d
15037,2016-10-06 03:01:02,0x800f080d
13042,2016-10-05 00:16:48,0x800f080d
18759,2016-10-08 07:05:53,0x800f080d
10088,2016-10-03 00:01:36,0x800f080d
5955,2016-10-01 16:38:50,0x800f080d
18668,2016-10-08 07:05:50,0x800f080d
4385,2016-09-30 07:08:56,0x800f080d
235,2016-09-28 04:30:31,0x800f080d
7016,2016-10-02 03:04:49,0x800f080d
4040,2016-09-30 00:02:04,0x800f080d
3282,2016-09-29 22:28:43,0x800f080d
19709,2016-10-09 02:31:32,0x800f080d
14063,2016-10-05 21:51:48,0x800f080d
17890,2016-10-07 12:46:23,0x800f080d
21828,2016-10-09 04:36:38,0x800f080d
22006,2016-10-09 04:36:39,0x800f080d
109973,2016-10-11 03:03:20,0x800f080d
10141,2016-10-03 11:08:57,0x800f080d
281238,2016-10-11 03:05:29,0x80070490
13384,2016-10-05 00:39:39,0x800f0805
12098,2016-10-04 16:50:13,0x800f080d
76068,2016-10-11 03:02:54,0x80070490
16535,2016-10-06 21:40:50,0x800f080d
14185,2016-10-05 21:51:49,0x800f080d
18863,2016-10-08 07:05:53,0x800f080d
9852,2016-10-02 21:11:31,0x800f080d
14320,2016-10-05 21:51:50,0x800f0805
17454,2016-10-07 00:01:06,0x800f080d
13001,2016-10-05 00:16:48,0x800f080d
5095,2016-09-30 19:47:16,0x800f080d
18791,2016-10-08 07:05:53,0x800f080d
7762,2016-10-02 03:07:52,0x800f080d
474,2016-09-28 04:30:33,0x800f080d
4258,2016-09-30 07:08:55,0x800f080d
421603,2016-10-11 03:06:38,0x80070490
10021,2016-10-03 00:01:35,0x800f080d
12973,2016-10-05 00:16:48,0x800f080d
22840,2016-10-10 00:12:10,0x800f080d
9914,2016-10-02 21:15:10,0x800f080d
7948,2016-10-02 11:59:42,0x800f080d
19534,2016-10-09 02:31:31,0x800f080d
271631,2016-10-11 03:04:29,0x800f080d
16635,2016-10-06 21:40:51,0x800f080d
22793,2016-10-10 00:12:09,0x800f080d
3241,2016-09-29 22:28:43,0x800f080d
8004,2016-10-02 11:59:44,0x800f080d
5960,2016-10-01 16:38:50,0x800f080d
271610,2016-10-11 03:04:28,0x800f080d
13315,2016-10-05 00:39:39,0x800f080d
16809,2016-10-06 21:40:52,0x800f080d
4120,2016-09-30 07:08:53,0x800f080d
17695,2016-10-07 12:46:22,0x800f080d
10248,2016-10-03 11:08:59,0x800f080d
20461,2016-10-09 02:32:03,0x800f080d
18633,2016-10-08 07:05:50,0x800f080d
5280,2016-09-30 19:47:18,0x800f0805
14965,2016-10-06 03:01:02,0x800f080d
1350,2016-09-29 02:03:46,0x800f080d
1335,2016-09-29 02:03:46,0x800f080d
7760,2016-10-02 03:07:52,0x800f080d
20506,2016-10-09 02:32:03,0x800f080d
4112,2016-09-30 07:08:53,0x800f080d
19618,2016-10-09 02:31:31,0x800f0805
9003,2016-10-02 14:01:08,0x800f080d
1195,2016-09-29 00:01:47,0x800f080d
138349,2016-10-11 03:03:40,0x80070490
289511,2016-10-11 03:05:32,0x80070490
23658,2016-10-10 19:28:45,0x800f080d
12330,2016-10-04 16:50:14,0x800f080d
11165,2016-10-04 06:23:50,0x800f080d
6865,2016-10-02 00:01:40,0x800f080d
3991,2016-09-30 00:02:04,0x800f080d
15842,2016-10-06 18:02:34,0x800f080d
5501,2016-09-30 19:47:25,0x800f0805
2897,2016-09-29 17:57:30,0x800f080d
23661,2016-10-10 19:28:45,0x800f080d
8977,2016-10-02 14:01:08,0x800f080d
14176,2016-10-05 21:51:49,0x800f080d
202,2016-09-28 04:30:31,0x800f080d
13250,2016-10-05 00:39:38,0x800f080d
22861,2016-10-10 00:12:10,0x800f080d
21181,2016-10-09 03:00:26,0x800f080d
20517,2016-10-09 02:32:03,0x800f080d
8769,2016-10-02 14:01:07,0x800f080d
11162,2016-10-04 06:23:50,0x800f080d
23009,2016-10-10 00:12:11,0x800f080d
194558,2016-10-11 03:04:02,0x80070490
12050,2016-10-04 16:50:13,0x800f080d
359232,2016-10-11 03:05:46,0x80070490
18677,2016-10-08 07:05:50,0x800f080d
3115,2016-09-29 22:28:42,0x800f080d
6193,2016-10-01 16:38:53,0x800f080d
12091,2016-10-04 16:50:13,0x800f080d
1565,2016-09-29 02:03:49,0x800f0805
9066,2016-10-02 14:01:08,0x800f080d
23724,2016-10-10 19:28:45,0x800f080d
7047,2016-10-02 03:04:49,0x800f080d
15826,2016-10-06 18:02:34,0x800f080d
5302,2016-09-30 19:47:18,0x800f080d
23850,2016-10-10 19:28:48,0x800f080d
7755,2016-10-02 03:07:52,0x800f080d
22834,2016-10-10 00:12:10,0x800f080d
9847,2016-10-02 21:11:31,0x800f080d
8071,2016-10-02 11:59:45,0x800f080d
3108,2016-09-29 22:28:42,0x800f080d
1567,2016-09-29 02:03:49,0x800f0805
14258,2016-10-05 21:51:50,0x800f080d
10123,2016-10-03 11:08:57,0x800f080d
7138,2016-10-02 03:06:50,0x800f080d
271613,2016-10-11 03:04:28,0x800f080d
149166,2016-10-11 03:03:48,0x80070490
271614,2016-10-11 03:04:28,0x800f080d
20503,2016-10-09 02:32:03,0x800f080d
13405,2016-10-05 00:39:39,0x800f080d
130191,2016-10-11 03:03:40,0x80070490
10045,2016-10-03 00:01:35,0x800f080d
22077,2016-10-09 04:36:39,0x800f080d
23720,2016-10-10 19:28:45,0x800f080d
5270,2016-09-30 19:47:18,0x800f080d
15758,2016-10-06 18:02:34,0x800f080d
16609,2016-10-06 21:40:50,0x800f080d
29457,2016-10-11 03:02:52,0x80070490
23844,2016-10-10 19:28:48,0x800f080d
19101,2016-10-08 07:06:18,0x800f0805
13992,2016-10-05 21:51:48,0x800f080d
4261,2016-09-30 07:08:55,0x800f080d
13358,2016-10-05 00:39:39,0x800f080d
12130,2016-10-04 16:50:13,0x800f080d
1408,2016-09-29 02:03:48,0x800f080d
16526,2016-10-06 21:40:50,0x800f080d
23685,2016-10-10 19:28:45,0x800f080d
109921,2016-10-11 03:03:19,0x800f080d
7095,2016-10-02 03:06:50,0x800f080d
10274,2016-10-03 11:08:59,0x800f080d
7129,2016-10-02 03:06:50,0x800f080d
5275,2016-09-30 19:47:18,0x800f080d
431069,2016-10-11 03:06:39,0x80070490
17459,2016-10-07 00:01:06,0x800f080d
13343,2016-10-05 00:39:39,0x800f0805
23776,2016-10-10 19:28:47,0x800f080d
22910,2016-10-10 00:12:10,0x800f080d
307,2016-09-28 04:30:32,0x800f080d
17840,2016-10-07 12:46:23,0x800f080d
14247,2016-10-05 21:51:50,0x800f080d
3309,2016-09-29 22:28:43,0x800f080d
21890,2016-10-09 04:36:38,0x800f080d
16709,2016-10-06 21:40:51,0x800f080d
9819,2016-10-02 21:11:31,0x800f080d
175434,2016-10-11 03:04:01,0x80070490
22736,2016-10-10 00:12:09,0x800f080d
9731,2016-10-02 21:09:07,0x800f080d
1405,2016-09-29 02:03:48,0x800f080d
11303,2016-10-04 06:23:51,0x800f0805
3117,2016-09-29 22:28:42,0x800f080d
7867,2016-10-02 11:59:42,0x800f080d
17886,2016-10-07 12:46:23,0x800f080d
23778,2016-10-10 19:28:47,0x800f080d
19786,2016-10-09 02:31:33,0x800f080d
7893,2016-10-02 11:59:42,0x800f080d
11996,2016-10-04 07:56:47,0x800f080d
5092,2016-09-30 19:47:16,0x800f080d
22113,2016-10-09 04:36:40,0x800f0805
8149,2016-10-02 11:59:45,0x800f080d
2913,2016-09-29 17:57:30,0x800f080d
8049,2016-10-02 11:59:44,0x800f080d
19826,2016-10-09 02:31:33,0x800f080d
15771,2016-10-06 18:02:34,0x800f080d
15756,2016-10-06 18:02:34,0x800f080d
5266,2016-09-30 19:47:18,0x800f080d
12187,2016-10-04 16:50:14,0x800f080d
154952,2016-10-11 03:03:50,0x80070490
13208,2016-10-05 00:39:38,0x800f080d
23733,2016-10-10 19:28:47,0x800f080d
9043,2016-10-02 14:01:08,0x800f080d
18702,2016-10-08 07:05:50,0x800f080d
12281,2016-10-04 16:50:14,0x800f080d
16808,2016-10-06 21:40:52,0x800f080d
19772,2016-10-09 02:31:33,0x800f080d
362508,2016-10-11 03:06:14,0x80070490
9053,2016-10-02 14:01:08,0x800f080d
13310,2016-10-05 00:39:39,0x800f080d
6958,2016-10-02 03:04:49,0x800f080d
2234,2016-09-29 03:00:27,0x800f080d
325,2016-09-28 04:30:32,0x800f080d
4416,2016-09-30 07:08:56,0x800f080d
1546,2016-09-29 02:03:48,0x800f080d
15049,2016-10-06 03:01:02,0x800f080d
18695,2016-10-08 07:05:50,0x800f080d
17773,2016-10-07 12:46:22,0x800f080d
4148,2016-09-30 07:08:53,0x800f080d
15688,2016-10-06 18:02:30,0x800f080d
49021,2016-10-11 03:02:53,0x80070490
11232,2016-10-04 06:23:50,0x800f080d
4075,2016-09-30 00:02:04,0x800f080d
6239,2016-10-01 16:38:54,0x800f0805
4383,2016-09-30 07:08:56,0x800f080d
14131,2016-10-05 21:51:49,0x800f080d
18583,2016-10-08 00:01:47,0x800f080d
2850,2016-09-29 17:57:30,0x800f080d
22806,2016-10-10 00:12:09,0x800f080d
482,2016-09-28 04:30:33,0x800f080d
10019,2016-10-03 00:01:35,0x800f080d
5061,2016-09-30 19:47:16,0x800f080d
14256,2016-10-05 21:51:50,0x800f080d
1153,2016-09-29 00:01:46,0x800f080d
10278,2016-10-03 11:08:59,0x800f080d
383156,2016-10-11 03:06:20,0x80070490
2191,2016-09-29 03:00:27,0x800f080d
11140,2016-10-04 06:23:50,0x800f080d
423,2016-09-28 04:30:33,0x800f080d
13242,2016-10-05 00:39:38,0x800f080d
19579,2016-10-09 02:31:31,0x800f080d
15841,2016-10-06 18:02:34,0x800f080d
15057,2016-10-06 03:01:02,0x800f080d
20476,2016-10-09 02:32:03,0x800f080d
17792,2016-10-07 12:46:23,0x800f080d
9945,2016-10-02 21:15:10,0x800f080d
15884,2016-10-06 18:02:34,0x800f080d
5233,2016-09-30 19:47:18,0x800f080d
7171,2016-10-02 03:06:50,0x800f080d
4078,2016-09-30 00:02:04,0x800f080d
6198,2016-10-01 16:38:53,0x800f080d
19674,2016-10-09 02:31:32,0x800f080d
13322,2016-10-05 00:39:39,0x800f080d
17453,2016-10-07 00:01:06,0x800f080d
16713,2016-10-06 21:40:51,0x800f080d
271670,2016-10-11 03:04:29,0x800f080d
5997,2016-10-01 16:38:50,0x800f080d
23681,2016-10-10 19:28:45,0x800f080d
18828,2016-10-08 07:05:53,0x800f080d
9065,2016-10-02 14:01:08,0x800f080d
15822,2016-10-06 18:02:34,0x800f080d
5992,2016-10-01 16:38:50,0x800f080d
3122,2016-09-29 22:28:42,0x800f080d
16602,2016-10-06 21:40:50,0x800f080d
11025,2016-10-04 06:23:48,0x800f080d
271571,2016-10-11 03:04:28,0x800f080d
10409,2016-10-03 11:08:59,0x800f080d
22000,2016-10-09 04:36:39,0x800f080d
1352,2016-09-29 02:03:47,0x800f0805
376809,2016-10-11 03:06:19,0x80070490
13031,2016-10-05 00:16:48,0x800f080d
11208,2016-10-04 06:23:50,0x800f080d
3378,2016-09-29 22:28:44,0x800f0805
2844,2016-09-29 17:57:30,0x800f080d
3392,2016-09-29 22:28:44,0x800f0805
22913,2016-10-10 00:12:10,0x800f080d
15035,2016-10-06 03:01:02,0x800f080d
148124,2016-10-11 03:03:48,0x80070490
5212,2016-09-30 19:47:17,0x800f080d
7009,2016-10-02 03:04:49,0x800f080d
479,2016-09-28 04:30:33,0x800f080d
5961,2016-10-01 16:38:50,0x800f080d
3361,2016-09-29 22:28:43,0x800f080d
392077,2016-10-11 03:06:29,0x80070490
22957,2016-10-10 00:12:11,0x800f0805
10073,2016-10-03 00:01:35,0x800f080d
18645,2016-10-08 07:05:50,0x800f080d
14254,2016-10-05 21:51:50,0x800f080d
22911,2016-10-10 00:12:10,0x800f080d
13127,2016-10-05 00:39:37,0x800f080d
13157,2016-10-05 00:39:37,0x800f080d
20480,2016-10-09 02:32:03,0x800f080d
5312,2016-09-30 19:47:18,0x800f080d
272,2016-09-28 04:30:32,0x800f080d
2912,2016-09-29 17:57:30,0x800f080d
18858,2016-10-08 07:05:53,0x800f080d
12333,2016-10-04 16:50:14,0x800f080d
11188,2016-10-04 06:23:50,0x800f080d
271572,2016-10-11 03:04:28,0x800f080d
426,2016-09-28 04:30:33,0x800f080d
21945,2016-10-09 04:36:39,0x800f080d
264295,2016-10-11 03:04:21,0x80070490
491,2016-09-28 04:30:33,0x800f0805
17496,2016-10-07 00:01:06,0x800f080d
10417,2016-10-03 11:08:59,0x800f080d
263457,2016-10-11 03:04:21,0x80070490
1575,2016-09-29 02:03:49,0x800f0805
10348,2016-10-03 11:08:59,0x800f080d
19627,2016-10-09 02:31:32,0x800f080d
368078,2016-10-11 03:06:14,0x80070490
10016,2016-10-03 00:01:35,0x800f080d
14014,2016-10-05 21:51:48,0x800f080d
16778,2016-10-06 21:40:52,0x800f080d
23000,2016-10-10 00:12:11,0x800f0805
19575,2016-10-09 02:31:31,0x800f080d
1171,2016-09-29 00:01:47,0x800f080d
68706,2016-10-11 03:02:54,0x80070490
4300,2016-09-30 07:08:55,0x800f080d
355897,2016-10-11 03:05:45,0x80070490
9700,2016-10-02 21:09:07,0x800f080d
375512,2016-10-11 03:06:15,0x80070490
6192,2016-10-01 16:38:53,0x800f080d
5932,2016-10-01 16:38:50,0x800f080d
17891,2016-10-07 12:46:23,0x800f080d
3313,2016-09-29 22:28:43,0x800f080d
8120,2016-10-02 11:59:45,0x800f080d
5967,2016-10-01 16:38:50,0x800f080d
13087,2016-10-05 00:39:37,0x800f080d
14180,2016-10-05 21:51:49,0x800f080d
15038,2016-10-06 03:01:02,0x800f080d
11993,2016-10-04 07:56:47,0x800f080d
7739,2016-10-02 03:07:52,0x800f080d
18917,2016-10-08 07:05:54,0x800f0805
5965,2016-10-01 16:38:50,0x800f080d
5128,2016-09-30 19:47:17,0x800f080d
1343,2016-09-29 02:03:46,0x800f080d
1413,2016-09-29 02:03:48,0x800f080d
4153,2016-09-30 07:08:53,0x800f080d
3322,2016-09-29 22:28:43,0x800f080d
15619,2016-10-06 18:02:30,0x800f080d
9734,2016-10-02 21:09:07,0x800f080d
7801,2016-10-02 03:07:52,0x800f080d
1434,2016-09-29 02:03:48,0x800f080d
12285,2016-10-04 16:50:14,0x800f080d
18849,2016-10-08 07:05:53,0x800f080d
16525,2016-10-06 21:40:50,0x800f080d
13226,2016-10-05 00:39:38,0x800f080d
398,2016-09-28 04:30:33,0x800f080d
22930,2016-10-10 00:12:11,0x800f080d
148337,2016-10-11 03:03:48,0x80070490
390785,2016-10-11 03:06:28,0x80070490
6980,2016-10-02 03:04:49,0x800f080d
12060,2016-10-04 16:50:13,0x800f080d
447,2016-09-28 04:30:33,0x800f0805
109969,2016-10-11 03:03:20,0x800f080d
17694,2016-10-07 12:46:22,0x800f080d
8919,2016-10-02 14:01:08,0x800f080d
14963,2016-10-06 03:01:02,0x800f080d
23007,2016-10-10 00:12:11,0x800f080d
5987,2016-10-01 16:38:50,0x800f080d
6990,2016-10-02 03:04:49,0x800f080d
12355,2016-10-04 16:50:14,0x800f080d
199,2016-09-28 04:30:31,0x800f080d
7805,2016-10-02 03:07:52,0x800f080d
13997,2016-10-05 21:51:48,0x800f080d
13363,2016-10-05 00:39:39,0x800f080d
9800,2016-10-02 21:11:31,0x800f080d
9776,2016-10-02 21:11:31,0x800f080d
22725,2016-10-10 00:12:09,0x800f080d
14319,2016-10-05 21:51:50,0x800f0805
9058,2016-10-02 14:01:08,0x800f080d
7869,2016-10-02 11:59:42,0x800f080d
11338,2016-10-04 06:23:51,0x800f080d
4377,2016-09-30 07:08:56,0x800f080d
18918,2016-10-08 07:05:54,0x800f0805
15930,2016-10-06 18:02:35,0x800f0805
15852,2016-10-06 18:02:34,0x800f080d
17487,2016-10-07 00:01:06,0x800f080d
10281,2016-10-03 11:08:59,0x800f080d
15747,2016-10-06 18:02:34,0x800f080d
17492,2016-10-07 00:01:06,0x800f080d
20554,2016-10-09 02:32:03,0x800f080d
19547,2016-10-09 02:31:31,0x800f080d
17580,2016-10-07 12:46:19,0x800f080d
8976,2016-10-02 14:01:08,0x800f080d
14142,2016-10-05 21:51:49,0x800f080d
6868,2016-10-02 00:01:40,0x800f080d
1332,2016-09-29 02:03:46,0x800f080d
15012,2016-10-06 03:01:02,0x800f080d
23916,2016-10-10 19:28:48,0x800f080d
12181,2016-10-04 16:50:14,0x800f080d
11960,2016-10-04 07:56:47,0x800f080d
14216,2016-10-05 21:51:50,0x800f080d
22769,2016-10-10 00:12:09,0x800f080d
18522,2016-10-08 00:01:47,0x800f080d
21142,2016-10-09 03:00:26,0x800f080d
4334,2016-09-30 07:08:56,0x800f080d
2890,2016-09-29 17:57:30,0x800f080d
3042,2016-09-29 17:59:33,0x800f080d
17461,2016-10-07 00:01:06,0x800f080d
22026,2016-10-09 04:36:39,0x800f080d
18914,2016-10-08 07:05:53,0x800f080d
12325,2016-10-04 16:50:14,0x800f080d
9979,2016-10-02 21:15:10,0x800f080d
8853,2016-10-02 14:01:07,0x800f080d
23768,2016-10-10 19:28:47,0x800f080d
22880,2016-10-10 00:12:10,0x800f080d
16827,2016-10-06 21:40:52,0x800f080d
3032,2016-09-29 17:59:33,0x800f080d
8970,2016-10-02 14:01:08,0x800f080d
6057,2016-10-01 16:38:53,0x800f080d
21834,2016-10-09 04:36:38,0x800f080d
1179,2016-09-29 00:01:47,0x800f080d
15766,2016-10-06 18:02:34,0x800f080d
8806,2016-10-02 14:01:07,0x800f080d
1560,2016-09-29 02:03:48,0x800f080d
3995,2016-09-30 00:02:04,0x800f080d
9917,2016-10-02 21:15:10,0x800f080d
21898,2016-10-09 04:36:38,0x800f080d
1493,2016-09-29 02:03:48,0x800f080d
430991,2016-10-11 03:06:39,0x80070490
19573,2016-10-09 02:31:31,0x800f080d
12026,2016-10-04 07:56:47,0x800f080d
17562,2016-10-07 12:46:19,0x800f080d
1437,2016-09-29 02:03:48,0x800f080d
11956,2016-10-04 07:56:47,0x800f080d
17484,2016-10-07 00:01:06,0x800f080d
238,2016-09-28 04:30:31,0x800f080d
21895,2016-10-09 04:36:38,0x800f080d
16833,2016-10-06 21:40:52,0x800f080d
329767,2016-10-11 03:05:44,0x80070490
359614,2016-10-11 03:05:46,0x80070490
9888,2016-10-02 21:15:10,0x800f080d
13039,2016-10-05 00:16:48,0x800f080d
14031,2016-10-05 21:51:48,0x800f080d
22874,2016-10-10 00:12:10,0x800f080d
42639,2016-10-11 03:02:53,0x80070490
16569,2016-10-06 21:40:50,0x800f080d
22972,2016-10-10 00:12:11,0x800f080d
1370,2016-09-29 02:03:48,0x800f080d
23680,2016-10-10 19:28:45,0x800f080d
4276,2016-09-30 07:08:55,0x800f080d
3109,2016-09-29 22:28:42,0x800f080d
12038,2016-10-04 07:57:45,0x00000000
1347,2016-09-29 02:03:46,0x800f080d
15056,2016-10-06 03:01:02,0x800f080d
1226,2016-09-29 00:01:47,0x800f080d
6983,2016-10-02 03:04:49,0x800f080d
13351,2016-10-05 00:39:39,0x800f080d
12036,2016-10-04 07:56:47,0x800f080d
17535,2016-10-07 00:01:06,0x800f080d
23922,2016-10-10 19:28:48,0x800f080d
21228,2016-10-09 03:00:26,0x800f080d
17884,2016-10-07 12:46:23,0x800f080d
10137,2016-10-03 11:08:57,0x800f080d
1421,2016-09-29 02:03:48,0x800f080d
12094,2016-10-04 16:50:13,0x800f080d
10250,2016-10-03 11:08:59,0x800f080d
12030,2016-10-04 07:56:47,0x800f080d
13312,2016-10-05 00:39:39,0x800f080d
8969,2016-10-02 14:01:08,0x800f080d
13283,2016-10-05 00:39:38,0x800f080d
17722,2016-10-07 12:46:22,0x800f080d
14061,2016-10-05 21:51:48,0x800f0805
7137,2016-10-02 03:06:50,0x800f080d
7900,2016-10-02 11:59:42,0x800f080d
15777,2016-10-06 18:02:34,0x800f080d
17450,2016-10-07 00:01:06,0x800f080d
17658,2016-10-07 12:46:20,0x800f080d
22019,2016-10-09 04:36:39,0x800f080d
6187,2016-10-01 16:38:53,0x800f080d
6085,2016-10-01 16:38:53,0x800f080d
7104,2016-10-02 03:06:50,0x800f080d
18553,2016-10-08 00:01:47,0x800f080d
23800,2016-10-10 19:28:47,0x800f080d
7911,2016-10-02 11:59:42,0x800f080d
9063,2016-10-02 14:01:08,0x800f080d
16594,2016-10-06 21:40:50,0x800f080d
19708,2016-10-09 02:31:32,0x800f080d
9719,2016-10-02 21:09:07,0x800f080d
14094,2016-10-05 21:51:48,0x800f080d
6226,2016-10-01 16:38:53,0x800f080d
14242,2016-10-05 21:51:50,0x800f080d
15757,2016-10-06 18:02:34,0x800f080d
6914,2016-10-02 00:01:40,0x800f080d
10440,2016-10-03 11:09:00,0x800f0805
12078,2016-10-04 16:50:13,0x800f080d
9758,2016-10-02 21:09:07,0x800f080d
263080,2016-10-11 03:04:21,0x80070490
21800,2016-10-09 04:36:38,0x800f080d
18495,2016-10-08 00:01:47,0x800f080d
13394,2016-10-05 00:39:39,0x800f080d
6214,2016-10-01 16:38:53,0x800f080d
149601,2016-10-11 03:03:48,0x80070490
11196,2016-10-04 06:23:50,0x800f080d
6975,2016-10-02 03:04:49,0x800f080d
269475,2016-10-11 03:04:25,0x80070490
14069,2016-10-05 21:51:48,0x800f080d
14032,2016-10-05 21:51:48,0x800f080d
183130,2016-10-11 03:04:01,0x80070490
5926,2016-10-01 16:38:50,0x800f080d
2220,2016-09-29 03:00:27,0x800f080d
16559,2016-10-06 21:40:50,0x800f080d
10403,2016-10-03 11:08:59,0x800f080d
1550,2016-09-29 02:03:48,0x800f080d
402704,2016-10-11 03:06:38,0x80070490
19767,2016-10-09 02:31:33,0x800f080d
17500,2016-10-07 00:01:06,0x800f080d
20470,2016-10-09 02:32:03,0x800f080d
8087,2016-10-02 11:59:45,0x800f080d
14034,2016-10-05 21:51:48,0x800f080d
17620,2016-10-07 12:46:20,0x800f080d
18911,2016-10-08 07:05:53,0x800f080d
5321,2016-09-30 19:47:18,0x800f0805
15817,2016-10-06 18:02:34,0x800f080d
5088,2016-09-30 19:47:16,0x800f080d
12084,2016-10-04 16:50:13,0x800f080d
11261,2016-10-04 06:23:51,0x800f080d
271652,2016-10-11 03:04:29,0x800f080d
22103,2016-10-09 04:36:39,0x800f080d
324925,2016-10-11 03:05:44,0x80070490
7107,2016-10-02 03:06:50,0x800f080d
11348,2016-10-04 06:23:51,0x800f080d
12263,2016-10-04 16:50:14,0x800f080d
17807,2016-10-07 12:46:23,0x800f080d
20515,2016-10-09 02:32:03,0x800f080d
1297,2016-09-29 02:03:46,0x800f080d
14181,2016-10-05 21:51:49,0x800f080d
344,2016-09-28 04:30:32,0x800f080d
6992,2016-10-02 03:04:49,0x800f080d
7761,2016-10-02 03:07:52,0x800f080d
3227,2016-09-29 22:28:43,0x800f080d
8906,2016-10-02 14:01:08,0x800f080d
12123,2016-10-04 16:50:13,0x800f080d
7794,2016-10-02 03:07:52,0x800f080d
271593,2016-10-11 03:04:28,0x800f080d
13355,2016-10-05 00:39:39,0x800f080d
21941,2016-10-09 04:36:39,0x800f080d
17833,2016-10-07 12:46:23,0x800f080d
18830,2016-10-08 07:05:53,0x800f080d
22833,2016-10-10 00:12:10,0x800f080d
4192,2016-09-30 07:08:53,0x800f080d
109875,2016-10-11 03:03:19,0x800f080d
11174,2016-10-04 06:23:50,0x800f080d
12114,2016-10-04 16:50:13,0x800f080d
425,2016-09-28 04:30:33,0x800f080d
109890,2016-10-11 03:03:19,0x800f080d
11193,2016-10-04 06:23:50,0x800f080d
17831,2016-10-07 12:46:23,0x800f080d
2930,2016-09-29 17:57:30,0x800f080d
269474,2016-10-11 03:04:25,0x80070490
1228,2016-09-29 00:01:47,0x800f080d
3086,2016-09-29 22:28:42,0x800f080d
14020,2016-10-05 21:51:48,0x800f080d
13356,2016-10-05 00:39:39,0x800f080d
23730,2016-10-10 19:28:47,0x800f080d
9070,2016-10-02 14:01:08,0x800f080d
10126,2016-10-03 11:08:57,0x800f080d
434010,2016-10-11 03:06:39,0x80070490
22828,2016-10-10 00:12:10,0x800f080d
7769,2016-10-02 03:07:52,0x800f080d
18782,2016-10-08 07:05:53,0x800f080d
5162,2016-09-30 19:47:17,0x800f080d
9040,2016-10-02 14:01:08,0x800f080d
13396,2016-10-05 00:39:39,0x800f080d
401903,2016-10-11 03:06:34,0x800f0805
17591,2016-10-07 12:46:20,0x800f080d
22931,2016-10-10 00:12:11,0x800f080d
11343,2016-10-04 06:23:51,0x800f0805
9728,2016-10-02 21:09:07,0x800f080d
17701,2016-10-07 12:46:22,0x800f080d
12532,2016-10-04 16:50:24,0x800f0805
11345,2016-10-04 06:23:51,0x800f080d
7111,2016-10-02 03:06:50,0x800f080d
1438,2016-09-29 02:03:48,0x800f080d
4336,2016-09-30 07:08:56,0x800f080d
16575,2016-10-06 21:40:50,0x800f080d
16567,2016-10-06 21:40:50,0x800f080d
17758,2016-10-07 12:46:22,0x800f080d
15657,2016-10-06 18:02:30,0x800f080d
1076,2016-09-28 04:32:17,0x80070001
9716,2016-10-02 21:09:07,0x800f080d
11295,2016-10-04 06:23:51,0x800f080d
23839,2016-10-10 19:28:48,0x800f080d
378602,2016-10-11 03:06:19,0x80070490
5127,2016-09-30 19:47:17,0x800f080d
13221,2016-10-05 00:39:38,0x800f080d
23879,2016-10-10 19:28:48,0x800f080d
23663,2016-10-10 19:28:45,0x800f080d
5034,2016-09-30 19:47:16,0x800f080d
10255,2016-10-03 11:08:59,0x800f080d
1440,2016-09-29 02:03:48,0x800f080d
23848,2016-10-10 19:28:48,0x800f080d
1746,2016-09-29 02:04:11,0x800f0805
1426,2016-09-29 02:03:48,0x800f080d
1432,2016-09-29 02:03:48,0x800f080d
12086,2016-10-04 16:50:13,0x800f080d
6866,2016-10-02 00:01:40,0x800f080d
17538,2016-10-07 00:01:06,0x800f080d
8011,2016-10-02 11:59:44,0x800f080d
16755,2016-10-06 21:40:51,0x800f080d
168,2016-09-28 04:30:31,0x80004005
415696,2016-10-11 03:06:38,0x80070490
14260,2016-10-05 21:51:50,0x800f080d
6212,2016-10-01 16:38:53,0x800f080d
1496,2016-09-29 02:03:48,0x800f080d
9798,2016-10-02 21:11:31,0x800f080d
1229,2016-09-29 00:01:47,0x800f080d
4150,2016-09-30 07:08:53,0x800f080d
15770,2016-10-06 18:02:34,0x800f080d
18529,2016-10-08 00:01:47,0x800f080d
264136,2016-10-11 03:04:21,0x80070490
14149,2016-10-05 21:51:49,0x800f080d
14115,2016-10-05 21:51:49,0x800f080d
7878,2016-10-02 11:59:42,0x800f080d
14215,2016-10-05 21:51:50,0x800f080d
5920,2016-10-01 16:38:50,0x800f080d
23036,2016-10-10 00:12:11,0x800f080d
6122,2016-10-01 16:38:53,0x800f080d
8978,2016-10-02 14:01:08,0x800f080d
3304,2016-09-29 22:28:43,0x800f080d
16825,2016-10-06 21:40:52,0x800f0805
19806,2016-10-09 02:31:33,0x800f080d
310786,2016-10-11 03:05:44,0x80070490
20502,2016-10-09 02:32:03,0x800f080d
7110,2016-10-02 03:06:50,0x800f080d
9815,2016-10-02 21:11:31,0x800f080d
1424,2016-09-29 02:03:48,0x800f080d
13313,2016-10-05 00:39:39,0x800f080d
4179,2016-09-30 07:08:53,0x800f080d
2224,2016-09-29 03:00:27,0x800f080d
8852,2016-10-02 14:01:07,0x800f080d
8021,2016-10-02 11:59:44,0x800f080d
10322,2016-10-03 11:08:59,0x800f080d
10330,2016-10-03 11:08:59,0x800f080d
8084,2016-10-02 11:59:45,0x800f080d
13187,2016-10-05 00:39:38,0x800f080d
15919,2016-10-06 18:02:34,0x800f080d
23804,2016-10-10 19:28:47,0x800f080d
1406,2016-09-29 02:03:48,0x800f080d
9958,2016-10-02 21:15:10,0x800f080d
21154,2016-10-09 03:00:26,0x800f080d
17874,2016-10-07 12:46:23,0x800f080d
10407,2016-10-03 11:08:59,0x800f080d
9681,2016-10-02 21:09:07,0x800f080d
10352,2016-10-03 11:08:59,0x800f080d
5262,2016-09-30 19:47:18,0x800f080d
10284,2016-10-03 11:08:59,0x800f080d
5282,2016-09-30 19:47:18,0x800f0805
17716,2016-10-07 12:46:22,0x800f080d
16665,2016-10-06 21:40:51,0x800f080d
3053,2016-09-29 22:28:41,0x800f080d
10337,2016-10-03 11:08:59,0x800f080d
360582,2016-10-11 03:05:46,0x80070490
391,2016-09-28 04:30:33,0x800f080d
2264,2016-09-29 03:00:27,0x800f080d
8992,2016-10-02 14:01:08,0x800f080d
359,2016-09-28 04:30:32,0x800f080d
16634,2016-10-06 21:40:51,0x800f080d
23729,2016-10-10 19:28:47,0x800f080d
4138,2016-09-30 07:08:53,0x800f080d
4203,2016-09-30 07:08:55,0x800f080d
15693,2016-10-06 18:02:30,0x800f080d
18898,2016-10-08 07:05:53,0x800f080d
2849,2016-09-29 17:57:30,0x800f080d
10051,2016-10-03 00:01:35,0x800f080d
23774,2016-10-10 19:28:47,0x800f080d
23919,2016-10-10 19:28:48,0x800f080d
17575,2016-10-07 12:46:19,0x800f080d
13395,2016-10-05 00:39:39,0x800f080d
2976,2016-09-29 17:59:33,0x800f080d
7738,2016-10-02 03:07:52,0x800f080d
23937,2016-10-10 19:28:48,0x800f0805
3223,2016-09-29 22:28:43,0x800f080d
8807,2016-10-02 14:01:07,0x800f080d
9869,2016-10-02 21:11:31,0x800f080d
12360,2016-10-04 16:50:15,0x800f0805
19711,2016-10-09 02:31:32,0x800f080d
220998,2016-10-11 03:04:02,0x80070490
22083,2016-10-09 04:36:39,0x800f080d
8907,2016-10-02 14:01:08,0x800f080d
8996,2016-10-02 14:01:08,0x800f080d
8980,2016-10-02 14:01:08,0x800f080d
1340,2016-09-29 02:03:46,0x800f080d
13388,2016-10-05 00:39:39,0x800f080d
2852,2016-09-29 17:57:30,0x800f080d
369841,2016-10-11 03:06:15,0x80070490
12204,2016-10-04 16:50:14,0x800f080d
17618,2016-10-07 12:46:20,0x800f080d
17828,2016-10-07 12:46:23,0x800f0805
109892,2016-10-11 03:03:19,0x800f080d
382,2016-09-28 04:30:33,0x800f080d
6133,2016-10-01 16:38:53,0x800f080d
16568,2016-10-06 21:40:50,0x800f080d
3065,2016-09-29 22:28:41,0x800f080d
18510,2016-10-08 00:01:47,0x800f080d
260736,2016-10-11 03:04:16,0x80070490
11049,2016-10-04 06:23:48,0x800f080d
4390,2016-09-30 07:08:56,0x800f080d
11254,2016-10-04 06:23:51,0x800f080d
2846,2016-09-29 17:57:30,0x800f080d
3163,2016-09-29 22:28:43,0x800f080d
13392,2016-10-05 00:39:39,0x800f080d
19807,2016-10-09 02:31:33,0x800f080d
11994,2016-10-04 07:56:47,0x800f080d
22875,2016-10-10 00:12:10,0x800f080d
5281,2016-09-30 19:47:18,0x800f0805
19569,2016-10-09 02:31:31,0x800f080d
9761,2016-10-02 21:09:07,0x800f080d
18643,2016-10-08 07:05:50,0x800f080d
4116,2016-09-30 07:08:53,0x800f080d
16805,2016-10-06 21:40:52,0x800f080d
22040,2016-10-09 04:36:39,0x800f080d
5200,2016-09-30 19:47:17,0x800f080d
10004,2016-10-03 00:01:35,0x800f080d
18772,2016-10-08 07:05:53,0x800f080d
11955,2016-10-04 07:56:47,0x800f080d
23749,2016-10-10 19:28:47,0x800f080d
109907,2016-10-11 03:03:19,0x800f080d
4222,2016-09-30 07:08:55,0x800f080d
23032,2016-10-10 00:12:11,0x800f080d
10392,2016-10-03 11:08:59,0x800f080d
19536,2016-10-09 02:31:31,0x800f080d
22831,2016-10-10 00:12:10,0x800f080d
9080,2016-10-02 14:01:09,0x800f0805
1361,2016-09-29 02:03:48,0x800f080d
17663,2016-10-07 12:46:20,0x800f080d
13391,2016-10-05 00:39:39,0x800f080d
15923,2016-10-06 18:02:34,0x800f080d
7011,2016-10-02 03:04:49,0x800f080d
17732,2016-10-07 12:46:22,0x800f080d
9799,2016-10-02 21:11:31,0x800f080d
11959,2016-10-04 07:56:47,0x800f080d
22845,2016-10-10 00:12:10,0x800f080d
22734,2016-10-10 00:12:09,0x800f080d
21185,2016-10-09 03:00:26,0x800f080d
10280,2016-10-03 11:08:59,0x800f080d
214282,2016-10-11 03:04:02,0x80070490
18906,2016-10-08 07:05:53,0x800f080d
8824,2016-10-02 14:01:07,0x800f080d
9763,2016-10-02 21:09:07,0x800f080d
7930,2016-10-02 11:59:42,0x800f080d
8048,2016-10-02 11:59:44,0x800f080d
6912,2016-10-02 00:01:40,0x800f080d
14113,2016-10-05 21:51:49,0x800f080d
22907,2016-10-10 00:12:10,0x800f080d
121887,2016-10-11 03:03:39,0x80070490
15750,2016-10-06 18:02:34,0x800f080d
18923,2016-10-08 07:05:54,0x800f0805
18699,2016-10-08 07:05:50,0x800f080d
21968,2016-10-09 04:36:39,0x800f080d
17696,2016-10-07 12:46:22,0x800f080d
13223,2016-10-05 00:39:38,0x800f080d
11234,2016-10-04 06:23:50,0x800f080d
5317,2016-09-30 19:47:18,0x800f080d
18549,2016-10-08 00:01:47,0x800f080d
14165,2016-10-05 21:51:49,0x800f080d
3043,2016-09-29 17:59:33,0x800f080d
10128,2016-10-03 11:08:57,0x800f080d
160698,2016-10-11 03:04:00,0x80070490
486,2016-09-28 04:30:33,0x800f080d
261521,2016-10-11 03:04:16,0x80070490
5180,2016-09-30 19:47:17,0x800f080d
17804,2016-10-07 12:46:23,0x800f080d
22900,2016-10-10 00:12:10,0x800f080d
11349,2016-10-04 06:23:51,0x800f080d
17682,2016-10-07 12:46:22,0x800f080d
5067,2016-09-30 19:47:16,0x800f080d
8986,2016-10-02 14:01:08,0x800f080d
17609,2016-10-07 12:46:20,0x800f080d
9887,2016-10-02 21:15:10,0x800f080d
18774,2016-10-08 07:05:53,0x800f080d
16610,2016-10-06 21:40:50,0x800f080d
13387,2016-10-05 00:39:39,0x800f080d
18662,2016-10-08 07:05:50,0x800f080d
14054,2016-10-05 21:51:48,0x800f080d
15653,2016-10-06 18:02:30,0x800f080d
271671,2016-10-11 03:04:29,0x800f080d
1483,2016-09-29 02:03:48,0x800f080d
8051,2016-10-02 11:59:44,0x800f080d
9717,2016-10-02 21:09:07,0x800f080d
15040,2016-10-06 03:01:02,0x800f080d
18903,2016-10-08 07:05:53,0x800f080d
21137,2016-10-09 03:00:26,0x800f080d
19572,2016-10-09 02:31:31,0x800f080d
148340,2016-10-11 03:03:48,0x80070490
361650,2016-10-11 03:05:46,0x80070490
19542,2016-10-09 02:31:31,0x800f080d
3000,2016-09-29 17:59:33,0x800f080d
10340,2016-10-03 11:08:59,0x800f080d
9870,2016-10-02 21:11:31,0x800f080d
18673,2016-10-08 07:05:50,0x800f080d
22827,2016-10-10 00:12:10,0x800f080d
8156,2016-10-02 11:59:45,0x800f080d
18491,2016-10-08 00:01:47,0x800f080d
7027,2016-10-02 03:04:49,0x800f080d
2847,2016-09-29 17:57:30,0x800f080d
247,2016-09-28 04:30:31,0x800f080d
154953,2016-10-11 03:03:50,0x80070490
3075,2016-09-29 22:28:41,0x800f080d
7937,2016-10-02 11:59:42,0x800f080d
271568,2016-10-11 03:04:28,0x800f080d
22807,2016-10-10 00:12:09,0x800f080d
22914,2016-10-10 00:12:10,0x800f080d
9833,2016-10-02 21:11:31,0x800f080d
3003,2016-09-29 17:59:33,0x800f080d
10052,2016-10-03 00:01:35,0x800f080d
5023,2016-09-30 19:47:16,0x800f080d
8841,2016-10-02 14:01:07,0x800f080d
4181,2016-09-30 07:08:53,0x800f080d
17634,2016-10-07 12:46:20,0x800f080d
22968,2016-10-10 00:12:11,0x800f080d
15836,2016-10-06 18:02:34,0x800f080d
370607,2016-10-11 03:06:15,0x80070490
313,2016-09-28 04:30:32,0x800f080d
4174,2016-09-30 07:08:53,0x800f080d
8116,2016-10-02 11:59:45,0x800f080d
8175,2016-10-02 11:59:45,0x800f0805
390140,2016-10-11 03:06:22,0x80070490
161,2016-09-28 04:30:31,0x800f080d
8075,2016-10-02 11:59:45,0x800f080d
323,2016-09-28 04:30:32,0x800f080d
15787,2016-10-06 18:02:34,0x800f080d
164318,2016-10-11 03:04:00,0x80070490
7174,2016-10-02 03:06:50,0x800f080d
5024,2016-09-30 19:47:16,0x800f080d
23806,2016-10-10 19:28:47,0x800f080d
231209,2016-10-11 03:04:03,0x80070490
6137,2016-10-01 16:38:53,0x800f080d
7800,2016-10-02 03:07:52,0x800f080d
109970,2016-10-11 03:03:20,0x800f080d
4301,2016-09-30 07:08:55,0x800f080d
1411,2016-09-29 02:03:48,0x800f080d
16534,2016-10-06 21:40:50,0x800f080d
16766,2016-10-06 21:40:52,0x800f080d
15783,2016-10-06 18:02:34,0x800f080d
13212,2016-10-05 00:39:38,0x800f080d
23783,2016-10-10 19:28:47,0x800f080d
12122,2016-10-04 16:50:13,0x800f080d
9951,2016-10-02 21:15:10,0x800f080d
14023,2016-10-05 21:51:48,0x800f080d
19637,2016-10-09 02:31:32,0x800f080d
9060,2016-10-02 14:01:08,0x800f080d
4070,2016-09-30 00:02:04,0x800f080d
1371,2016-09-29 02:03:48,0x800f080d
10091,2016-10-03 00:01:36,0x800f080d
13207,2016-10-05 00:39:38,0x800f080d
1177,2016-09-29 00:01:47,0x800f080d
14303,2016-10-05 21:51:50,0x800f080d
2841,2016-09-29 17:57:30,0x800f080d
13024,2016-10-05 00:16:48,0x800f080d
18798,2016-10-08 07:05:53,0x800f080d
12090,2016-10-04 16:50:13,0x800f080d
13260,2016-10-05 00:39:38,0x800f080d
5953,2016-10-01 16:38:50,0x800f080d
213209,2016-10-11 03:04:02,0x80070490
21937,2016-10-09 04:36:39,0x800f080d
13085,2016-10-05 00:39:37,0x800f080d
372663,2016-10-11 03:06:15,0x80070490
22803,2016-10-10 00:12:09,0x800f080d
3005,2016-09-29 17:59:33,0x800f080d
1144,2016-09-29 00:01:46,0x800f080d
23854,2016-10-10 19:28:48,0x800f080d
12258,2016-10-04 16:50:14,0x800f080d
19624,2016-10-09 02:31:32,0x800f080d
221032,2016-10-11 03:04:02,0x80070490
14150,2016-10-05 21:51:49,0x800f080d
22872,2016-10-10 00:12:10,0x800f080d
254553,2016-10-11 03:04:15,0x80070490
357,2016-09-28 04:30:32,0x800f080d
9751,2016-10-02 21:09:07,0x800f080d
271669,2016-10-11 03:04:29,0x800f080d
21143,2016-10-09 03:00:26,0x800f080d
7170,2016-10-02 03:06:50,0x800f080d
14978,2016-10-06 03:01:02,0x800f080d
22871,2016-10-10 00:12:10,0x800f080d
13348,2016-10-05 00:39:39,0x800f080d
19823,2016-10-09 02:31:33,0x800f080d
10351,2016-10-03 11:08:59,0x800f080d
16751,2016-10-06 21:40:51,0x800f080d
232372,2016-10-11 03:04:03,0x80070490
149588,2016-10-11 03:03:48,0x80070490
8849,2016-10-02 14:01:07,0x800f080d
15900,2016-10-06 18:02:34,0x800f080d
21953,2016-10-09 04:36:39,0x800f080d
15775,2016-10-06 18:02:34,0x800f080d
1482,2016-09-29 02:03:48,0x800f080d
311,2016-09-28 04:30:32,0x800f080d
19778,2016-10-09 02:31:33,0x800f0805
7903,2016-10-02 11:59:42,0x800f080d
12964,2016-10-05 00:16:48,0x800f080d
22928,2016-10-10 00:12:11,0x800f080d
11088,2016-10-04 06:23:48,0x800f080d
430841,2016-10-11 03:06:39,0x80070490
5199,2016-09-30 19:47:17,0x800f080d
4139,2016-09-30 07:08:53,0x800f080d
5087,2016-09-30 19:47:16,0x800f080d
1368,2016-09-29 02:03:48,0x800f080d
20505,2016-10-09 02:32:03,0x800f080d
15689,2016-10-06 18:02:30,0x800f080d
21837,2016-10-09 04:36:38,0x800f080d
4198,2016-09-30 07:08:55,0x800f080d
11199,2016-10-04 06:23:50,0x800f080d
12326,2016-10-04 16:50:14,0x800f080d
16757,2016-10-06 21:40:51,0x800f080d
384253,2016-10-11 03:06:20,0x80070490
16667,2016-10-06 21:40:51,0x800f080d
17698,2016-10-07 12:46:22,0x800f080d
21965,2016-10-09 04:36:39,0x800f080d
13060,2016-10-05 00:16:48,0x800f080d
399027,2016-10-11 03:06:34,0x80070490
1552,2016-09-29 02:03:48,0x800f080d
5194,2016-09-30 19:47:17,0x800f080d
17593,2016-10-07 12:46:20,0x800f080d
9974,2016-10-02 21:15:10,0x800f080d
10177,2016-10-03 11:08:57,0x800f080d
279239,2016-10-11 03:05:29,0x80070490
10210,2016-10-03 11:08:57,0x800f080d
7771,2016-10-02 03:07:52,0x800f080d
271632,2016-10-11 03:04:29,0x800f080d
148983,2016-10-11 03:03:48,0x80070490
24920,2016-10-11 03:02:13,0x00000000
23723,2016-10-10 19:28:45,0x800f080d
1306,2016-09-29 02:03:46,0x800f080d
15001,2016-10-06 03:01:02,0x800f080d
9720,2016-10-02 21:09:07,0x800f080d
23694,2016-10-10 19:28:45,0x800f080d
9955,2016-10-02 21:15:10,0x800f080d
19699,2016-10-09 02:31:32,0x800f080d
2185,2016-09-29 03:00:27,0x800f080d
113705,2016-10-11 03:03:39,0x80070490
17687,2016-10-07 12:46:22,0x800f080d
10437,2016-10-03 11:09:00,0x800f0805
5919,2016-10-01 16:38:50,0x800f080d
11228,2016-10-04 06:23:50,0x800f080d
289512,2016-10-11 03:05:32,0x80070490
16578,2016-10-06 21:40:50,0x800f080d
21797,2016-10-09 04:36:38,0x800f080d
23695,2016-10-10 19:28:45,0x800f080d
9913,2016-10-02 21:15:10,0x800f080d
22106,2016-10-09 04:36:39,0x800f080d
279406,2016-10-11 03:05:29,0x80070490
7908,2016-10-02 11:59:42,0x800f080d
21215,2016-10-09 03:00:26,0x800f080d
21933,2016-10-09 04:36:39,0x800f080d
114899,2016-10-11 03:03:39,0x80070490
174687,2016-10-11 03:04:01,0x80070490
18638,2016-10-08 07:05:50,0x800f080d
12077,2016-10-04 16:50:13,0x800f080d
12248,2016-10-04 16:50:14,0x800f080d
10282,2016-10-03 11:08:59,0x800f080d
21172,2016-10-09 03:00:26,0x800f080d
5036,2016-09-30 19:47:16,0x800f080d
13319,2016-10-05 00:39:39,0x800f080d
14016,2016-10-05 21:51:48,0x800f080d
9050,2016-10-02 14:01:08,0x800f080d
8924,2016-10-02 14:01:08,0x800f080d
7874,2016-10-02 11:59:42,0x800f080d
7981,2016-10-02 11:59:44,0x800f080d
22774,2016-10-10 00:12:09,0x800f080d
4037,2016-09-30 00:02:04,0x800f080d
16670,2016-10-06 21:40:51,0x800f080d
13188,2016-10-05 00:39:38,0x800f080d
10353,2016-10-03 11:08:59,0x800f080d
22127,2016-10-09 04:36:40,0x800f0805
6934,2016-10-02 00:01:40,0x800f080d
8974,2016-10-02 14:01:08,0x800f080d
154158,2016-10-11 03:03:50,0x80070490
10331,2016-10-03 11:08:59,0x800f080d
12965,2016-10-05 00:16:48,0x800f080d
1492,2016-09-29 02:03:48,0x800f080d
18665,2016-10-08 07:05:50,0x800f080d
3029,2016-09-29 17:59:33,0x800f080d
6061,2016-10-01 16:38:53,0x800f080d
21964,2016-10-09 04:36:39,0x800f080d
13390,2016-10-05 00:39:39,0x800f080d
1175,2016-09-29 00:01:47,0x800f080d
8002,2016-10-02 11:59:44,0x800f080d
17718,2016-10-07 12:46:22,0x800f080d
15697,2016-10-06 18:02:30,0x800f080d
10098,2016-10-03 00:01:36,0x800f080d
11267,2016-10-04 06:23:51,0x800f080d
20544,2016-10-09 02:32:03,0x800f080d
23917,2016-10-10 19:28:48,0x800f080d
6001,2016-10-01 16:38:50,0x800f080d
19775,2016-10-09 02:31:33,0x800f080d
17830,2016-10-07 12:46:23,0x800f080d
7732,2016-10-02 03:07:52,0x800f080d
11999,2016-10-04 07:56:47,0x800f080d
9843,2016-10-02 21:11:31,0x800f080d
7737,2016-10-02 03:07:52,0x800f080d
2843,2016-09-29 17:57:30,0x800f080d
6838,2016-10-02 00:01:40,0x800f080d
10015,2016-10-03 00:01:35,0x800f080d
21183,2016-10-09 03:00:26,0x800f080d
7014,2016-10-02 03:04:49,0x800f080d
7177,2016-10-02 03:06:50,0x800f080d
164,2016-09-28 04:30:31,0x800f080d
20464,2016-10-09 02:32:03,0x800f080d
3113,2016-09-29 22:28:42,0x800f080d
271617,2016-10-11 03:04:28,0x800f080d
3234,2016-09-29 22:28:43,0x800f080d
15006,2016-10-06 03:01:02,0x800f080d
23857,2016-10-10 19:28:48,0x800f0805
13032,2016-10-05 00:16:48,0x800f080d
437,2016-09-28 04:30:33,0x800f080d
1487,2016-09-29 02:03:48,0x800f080d
2878,2016-09-29 17:57:30,0x800f080d
56000,2016-10-11 03:02:53,0x80070490
148351,2016-10-11 03:03:48,0x80070490
7042,2016-10-02 03:04:49,0x800f080d
247514,2016-10-11 03:04:15,0x80070490
109974,2016-10-11 03:03:20,0x800f080d
18728,2016-10-08 07:05:53,0x800f080d
1263,2016-09-29 02:03:46,0x800f080d
9781,2016-10-02 21:11:31,0x800f080d
16772,2016-10-06 21:40:52,0x800f080d
15685,2016-10-06 18:02:30,0x800f080d
6979,2016-10-02 03:04:49,0x800f080d
3318,2016-09-29 22:28:43,0x800f080d
4370,2016-09-30 07:08:56,0x800f080d
1196,2016-09-29 00:01:47,0x800f080d
115283,2016-10-11 03:03:39,0x80070490
9982,2016-10-02 21:15:10,0x800f080d
12280,2016-10-04 16:50:14,0x800f080d
3286,2016-09-29 22:28:43,0x800f080d
7946,2016-10-02 11:59:42,0x800f080d
14279,2016-10-05 21:51:50,0x800f0805
17502,2016-10-07 00:01:06,0x800f080d
1300,2016-09-29 02:03:46,0x800f080d
9817,2016-10-02 21:11:31,0x800f080d
266221,2016-10-11 03:04:25,0x80070490
18767,2016-10-08 07:05:53,0x800f080d
22776,2016-10-10 00:12:09,0x800f080d
436,2016-09-28 04:30:33,0x800f080d
3088,2016-09-29 22:28:42,0x800f080d
16767,2016-10-06 21:40:52,0x800f080d
109901,2016-10-11 03:03:19,0x800f080d
1409,2016-09-29 02:03:48,0x800f080d
2266,2016-09-29 03:00:27,0x800f080d
17720,2016-10-07 12:46:22,0x800f080d
12317,2016-10-04 16:50:14,0x800f080d
10338,2016-10-03 11:08:59,0x800f080d
17757,2016-10-07 12:46:22,0x800f080d
10404,2016-10-03 11:08:59,0x800f080d
16712,2016-10-06 21:40:51,0x800f080d
14065,2016-10-05 21:51:48,0x800f080d
11100,2016-10-04 06:23:48,0x800f080d
10436,2016-10-03 11:09:00,0x800f0805
62004,2016-10-11 03:02:54,0x80070490
17797,2016-10-07 12:46:23,0x800f080d
14104,2016-10-05 21:51:49,0x800f080d
9750,2016-10-02 21:09:07,0x800f080d
18855,2016-10-08 07:05:53,0x800f080d
421544,2016-10-11 03:06:38,0x80070490
3055,2016-09-29 22:28:41,0x800f080d
16604,2016-10-06 21:40:50,0x800f080d
19568,2016-10-09 02:31:31,0x800f080d
22014,2016-10-09 04:36:39,0x800f080d
284,2016-09-28 04:30:32,0x800f080d
17690,2016-10-07 12:46:22,0x800f080d
22023,2016-10-09 04:36:39,0x800f080d
9769,2016-10-02 21:09:07,0x800f080d
10025,2016-10-03 00:01:35,0x800f080d
23011,2016-10-10 00:12:11,0x800f080d
11334,2016-10-04 06:23:51,0x800f080d
11951,2016-10-04 07:56:47,0x800f080d
13003,2016-10-05 00:16:48,0x800f080d
13095,2016-10-05 00:39:37,0x800f080d
3989,2016-09-30 00:02:04,0x800f080d
17735,2016-10-07 12:46:22,0x800f080d
5161,2016-09-30 19:47:17,0x800f080d
11195,2016-10-04 06:23:50,0x800f080d
9844,2016-10-02 21:11:31,0x800f080d
7179,2016-10-02 03:06:50,0x800f080d
256194,2016-10-11 03:04:15,0x80070490
9768,2016-10-02 21:09:07,0x800f080d
18585,2016-10-08 00:01:47,0x800f080d
11226,2016-10-04 06:23:50,0x800f080d
328167,2016-10-11 03:05:44,0x80070490
14213,2016-10-05 21:51:50,0x800f080d
18626,2016-10-08 07:05:50,0x800f080d
4388,2016-09-30 07:08:56,0x800f080d
1156,2016-09-29 00:01:46,0x800f080d
9977,2016-10-02 21:15:10,0x800f080d
7729,2016-10-02 03:07:52,0x800f080d
7112,2016-10-02 03:06:50,0x800f080d
13165,2016-10-05 00:39:37,0x800f080d
4337,2016-09-30 07:08:56,0x800f080d
3281,2016-09-29 22:28:43,0x800f080d
263458,2016-10-11 03:04:21,0x80070490
6953,2016-10-02 03:04:49,0x800f080d
109920,2016-10-11 03:03:19,0x800f080d
149788,2016-10-11 03:03:48,0x80070490
4368,2016-09-30 07:08:56,0x800f080d
4146,2016-09-30 07:08:53,0x800f080d
20512,2016-10-09 02:32:03,0x800f080d
9853,2016-10-02 21:11:31,0x800f080d
4413,2016-09-30 07:08:56,0x800f080d
196756,2016-10-11 03:04:02,0x80070490
3165,2016-09-29 22:28:43,0x800f080d
1295,2016-09-29 02:03:46,0x800f080d
7933,2016-10-02 11:59:42,0x800f080d
9691,2016-10-02 21:09:07,0x800f080d
433411,2016-10-11 03:06:39,0x80070490
14296,2016-10-05 21:51:50,0x800f080d
8975,2016-10-02 14:01:08,0x800f080d
4045,2016-09-30 00:02:04,0x800f080d
10277,2016-10-03 11:08:59,0x800f080d
8154,2016-10-02 11:59:45,0x800f080d
18558,2016-10-08 00:01:47,0x800f080d
10100,2016-10-03 00:01:36,0x800f080d
383801,2016-10-11 03:06:20,0x80070490
18862,2016-10-08 07:05:53,0x800f080d
21221,2016-10-09 03:00:26,0x800f080d
5126,2016-09-30 19:47:17,0x800f080d
7983,2016-10-02 11:59:44,0x800f080d
5104,2016-09-30 19:47:16,0x800f080d
3061,2016-09-29 22:28:41,0x800f080d
18712,2016-10-08 07:05:53,0x800f080d
14097,2016-10-05 21:51:49,0x800f080d
23892,2016-10-10 19:28:48,0x800f080d
282,2016-09-28 04:30:32,0x800f080d
62844,2016-10-11 03:02:54,0x80070490
16797,2016-10-06 21:40:52,0x800f080d
3307,2016-09-29 22:28:43,0x800f080d
14109,2016-10-05 21:51:49,0x800f080d
15048,2016-10-06 03:01:02,0x800f080d
13059,2016-10-05 00:16:48,0x800f080d
22947,2016-10-10 00:12:11,0x800f080d
9805,2016-10-02 21:11:31,0x800f080d
18601,2016-10-08 07:05:50,0x800f080d
1374,2016-09-29 02:03:48,0x800f080d
22770,2016-10-10 00:12:09,0x800f080d
9688,2016-10-02 21:09:07,0x800f080d
19737,2016-10-09 02:31:33,0x800f0805
15823,2016-10-06 18:02:34,0x800f080d
12089,2016-10-04 16:50:13,0x800f080d
1430,2016-09-29 02:03:48,0x800f080d
16761,2016-10-06 21:40:51,0x800f080d
9874,2016-10-02 21:11:31,0x800f080d
22764,2016-10-10 00:12:09,0x800f080d
10325,2016-10-03 11:08:59,0x800f080d
22904,2016-10-10 00:12:10,0x800f080d
10335,2016-10-03 11:08:59,0x800f080d
8036,2016-10-02 11:59:44,0x800f080d
209,2016-09-28 04:30:31,0x800f080d
21856,2016-10-09 04:36:38,0x800f080d
6141,2016-10-01 16:38:53,0x800f080d
13326,2016-10-05 00:39:39,0x800f080d
18600,2016-10-08 07:05:50,0x800f080d
7186,2016-10-02 03:06:50,0x800f080d
13118,2016-10-05 00:39:37,0x800f080d
20471,2016-10-09 02:32:03,0x800f080d
8816,2016-10-02 14:01:07,0x800f080d
23770,2016-10-10 19:28:47,0x800f080d
22093,2016-10-09 04:36:39,0x800f080d
6201,2016-10-01 16:38:53,0x800f080d
9685,2016-10-02 21:09:07,0x800f080d
18587,2016-10-08 00:01:47,0x800f080d
6991,2016-10-02 03:04:49,0x800f080d
21934,2016-10-09 04:36:39,0x800f080d
281159,2016-10-11 03:05:29,0x80070490
5922,2016-10-01 16:38:50,0x800f080d
9806,2016-10-02 21:11:31,0x800f080d
1304,2016-09-29 02:03:46,0x800f080d
7173,2016-10-02 03:06:50,0x800f080d
3041,2016-09-29 17:59:33,0x800f080d
16661,2016-10-06 21:40:51,0x800f080d
22739,2016-10-10 00:12:09,0x800f080d
16603,2016-10-06 21:40:50,0x800f080d
12987,2016-10-05 00:16:48,0x800f080d
435898,2016-10-11 03:06:39,0x80070490
17723,2016-10-07 12:46:22,0x800f080d
23877,2016-10-10 19:28:48,0x800f080d
1442,2016-09-29 02:03:48,0x800f080d
17525,2016-10-07 00:01:06,0x800f080d
17683,2016-10-07 12:46:22,0x800f080d
345,2016-09-28 04:30:32,0x800f080d
15661,2016-10-06 18:02:30,0x800f080d
23835,2016-10-10 19:28:48,0x800f080d
160684,2016-10-11 03:04:00,0x80070490
11085,2016-10-04 06:23:48,0x800f080d
9736,2016-10-02 21:09:07,0x800f080d
9732,2016-10-02 21:09:07,0x800f080d
16663,2016-10-06 21:40:51,0x800f080d
16601,2016-10-06 21:40:50,0x800f080d
20553,2016-10-09 02:32:03,0x800f080d
5129,2016-09-30 19:47:17,0x800f080d
421,2016-09-28 04:30:33,0x800f080d
13219,2016-10-05 00:39:38,0x800f080d
13263,2016-10-05 00:39:38,0x800f080d
1476,2016-09-29 02:03:48,0x800f080d
22794,2016-10-10 00:12:09,0x800f080d
22102,2016-10-09 04:36:39,0x800f080d
15824,2016-10-06 18:02:34,0x800f080d
390622,2016-10-11 03:06:22,0x80070490
4187,2016-09-30 07:08:53,0x800f080d
8081,2016-10-02 11:59:45,0x800f080d
12255,2016-10-04 16:50:14,0x800f080d
22800,2016-10-10 00:12:09,0x800f080d
17565,2016-10-07 12:46:19,0x800f080d
5069,2016-09-30 19:47:16,0x800f080d
11204,2016-10-04 06:23:50,0x800f080d
1134,2016-09-29 00:01:46,0x800f080d
109959,2016-10-11 03:03:20,0x800f080d
17849,2016-10-07 12:46:23,0x800f080d
148969,2016-10-11 03:03:48,0x80070490
4064,2016-09-30 00:02:04,0x800f080d
16729,2016-10-06 21:40:51,0x800f080d
22825,2016-10-10 00:12:10,0x800f080d
12216,2016-10-04 16:50:14,0x800f080d
13397,2016-10-05 00:39:39,0x800f080d
5134,2016-09-30 19:47:17,0x800f080d
4154,2016-09-30 07:08:53,0x800f080d
15854,2016-10-06 18:02:34,0x800f080d
387,2016-09-28 04:30:33,0x800f080d
18839,2016-10-08 07:05:53,0x800f080d
14973,2016-10-06 03:01:02,0x800f080d
11094,2016-10-04 06:23:48,0x800f080d
19809,2016-10-09 02:31:33,0x800f080d
1576,2016-09-29 02:03:49,0x800f0805
19623,2016-10-09 02:31:32,0x800f080d
15913,2016-10-06 18:02:34,0x800f080d
6880,2016-10-02 00:01:40,0x800f080d
3084,2016-09-29 22:28:42,0x800f080d
8909,2016-10-02 14:01:08,0x800f080d
19664,2016-10-09 02:31:32,0x800f080d
20500,2016-10-09 02:32:03,0x800f080d
3134,2016-09-29 22:28:42,0x800f080d
10216,2016-10-03 11:08:58,0x800f0805
7130,2016-10-02 03:06:50,0x800f080d
8775,2016-10-02 14:01:07,0x800f080d
18523,2016-10-08 00:01:47,0x800f080d
14017,2016-10-05 21:51:48,0x800f080d
1415,2016-09-29 02:03:48,0x800f080d
5099,2016-09-30 19:47:16,0x800f080d
15659,2016-10-06 18:02:30,0x800f080d
15691,2016-10-06 18:02:30,0x800f080d
18848,2016-10-08 07:05:53,0x800f080d
4196,2016-09-30 07:08:55,0x800f080d
13156,2016-10-05 00:39:37,0x800f080d
17468,2016-10-07 00:01:06,0x800f080d
23784,2016-10-10 19:28:47,0x800f080d
193371,2016-10-11 03:04:01,0x80070490
12279,2016-10-04 16:50:14,0x800f080d
10169,2016-10-03 11:08:57,0x800f080d
15832,2016-10-06 18:02:34,0x800f080d
5101,2016-09-30 19:47:16,0x800f080d
19696,2016-10-09 02:31:32,0x800f080d
9264,2016-10-02 14:01:16,0x800f0805
16558,2016-10-06 21:40:50,0x800f080d
360,2016-09-28 04:30:32,0x800f080d
16631,2016-10-06 21:40:51,0x800f080d
6897,2016-10-02 00:01:40,0x800f080d
389,2016-09-28 04:30:33,0x800f080d
11023,2016-10-04 06:23:48,0x800f080d
18929,2016-10-08 07:05:54,0x800f0805
25481,2016-10-11 03:02:34,0x80070490
22067,2016-10-09 04:36:39,0x800f080d
22087,2016-10-09 04:36:39,0x800f080d
22870,2016-10-10 00:12:10,0x800f080d
4029,2016-09-30 00:02:04,0x800f080d
129497,2016-10-11 03:03:40,0x80070490
266222,2016-10-11 03:04:25,0x80070490
13079,2016-10-05 00:39:37,0x800f080d
15004,2016-10-06 03:01:02,0x800f080d
3081,2016-09-29 22:28:42,0x800f080d
6142,2016-10-01 16:38:53,0x800f080d
22826,2016-10-10 00:12:10,0x800f080d
22017,2016-10-09 04:36:39,0x800f080d
18867,2016-10-08 07:05:53,0x800f080d
11028,2016-10-04 06:23:48,0x800f080d
14295,2016-10-05 21:51:50,0x800f080d
6956,2016-10-02 03:04:49,0x800f080d
18517,2016-10-08 00:01:47,0x800f080d
18629,2016-10-08 07:05:50,0x800f080d
19744,2016-10-09 02:31:33,0x800f080d
378547,2016-10-11 03:06:19,0x80070490
1562,2016-09-29 02:03:48,0x800f080d
23683,2016-10-10 19:28:45,0x800f080d
4236,2016-09-30 07:08:55,0x800f080d
190,2016-09-28 04:30:31,0x800f080d
14202,2016-10-05 21:51:50,0x800f080d
16680,2016-10-06 21:40:51,0x800f080d
4199,2016-09-30 07:08:55,0x800f080d
14028,2016-10-05 21:51:48,0x800f080d
19626,2016-10-09 02:31:32,0x800f080d
8042,2016-10-02 11:59:44,0x800f080d
18660,2016-10-08 07:05:50,0x800f080d
254618,2016-10-11 03:04:15,0x80070490
10414,2016-10-03 11:08:59,0x800f080d
1152,2016-09-29 00:01:46,0x800f080d
8047,2016-10-02 11:59:44,0x800f080d
14136,2016-10-05 21:51:49,0x800f080d
8997,2016-10-02 14:01:08,0x800f080d
21936,2016-10-09 04:36:39,0x800f080d
3169,2016-09-29 22:28:43,0x800f080d
6229,2016-10-01 16:38:53,0x800f080d
195,2016-09-28 04:30:31,0x800f080d
2922,2016-09-29 17:57:30,0x800f080d
4304,2016-09-30 07:08:56,0x800f0805
8981,2016-10-02 14:01:08,0x800f080d
15695,2016-10-06 18:02:30,0x800f080d
16800,2016-10-06 21:40:52,0x800f080d
6204,2016-10-01 16:38:53,0x800f080d
10345,2016-10-03 11:08:59,0x800f080d
17616,2016-10-07 12:46:20,0x800f080d
23029,2016-10-10 00:12:11,0x800f080d
13133,2016-10-05 00:39:37,0x800f080d
12217,2016-10-04 16:50:14,0x800f080d
23201,2016-10-10 00:12:19,0x800f0805
258472,2016-10-11 03:04:16,0x80070490
19726,2016-10-09 02:31:33,0x800f080d
22791,2016-10-10 00:12:09,0x800f080d
10070,2016-10-03 00:01:35,0x800f080d
15625,2016-10-06 18:02:30,0x800f080d
322,2016-09-28 04:30:32,0x800f080d
1336,2016-09-29 02:03:46,0x800f080d
15003,2016-10-06 03:01:02,0x800f080d
11116,2016-10-04 06:23:48,0x800f080d
17497,2016-10-07 00:01:06,0x800f080d
20540,2016-10-09 02:32:03,0x800f080d
14095,2016-10-05 21:51:48,0x800f080d
22109,2016-10-09 04:36:39,0x800f080d
3178,2016-09-29 22:28:43,0x800f080d
21141,2016-10-09 03:00:26,0x800f080d
4183,2016-09-30 07:08:53,0x800f080d
18786,2016-10-08 07:05:53,0x800f080d
10000,2016-10-03 00:01:35,0x800f080d
1499,2016-09-29 02:03:48,0x800f080d
109906,2016-10-11 03:03:19,0x800f080d
9842,2016-10-02 21:11:31,0x800f080d
15700,2016-10-06 18:02:30,0x800f080d
5969,2016-10-01 16:38:50,0x800f080d
15616,2016-10-06 18:02:30,0x800f080d
17842,2016-10-07 12:46:23,0x800f080d
7024,2016-10-02 03:04:49,0x800f080d
14096,2016-10-05 21:51:49,0x800f080d
3239,2016-09-29 22:28:43,0x800f080d
12193,2016-10-04 16:50:14,0x800f080d
15889,2016-10-06 18:02:34,0x800f080d
2200,2016-09-29 03:00:27,0x800f080d
22723,2016-10-10 00:12:09,0x800f080d
17466,2016-10-07 00:01:06,0x800f080d
12249,2016-10-04 16:50:14,0x800f080d
11300,2016-10-04 06:23:51,0x800f080d
10194,2016-10-03 11:08:57,0x800f080d
19657,2016-10-09 02:31:32,0x800f080d
6125,2016-10-01 16:38:53,0x800f080d
18784,2016-10-08 07:05:53,0x800f080d
269066,2016-10-11 03:04:25,0x80070490
8814,2016-10-02 14:01:07,0x800f080d
6086,2016-10-01 16:38:53,0x800f080d
11128,2016-10-04 06:23:49,0x800f0805
16673,2016-10-06 21:40:51,0x800f080d
374623,2016-10-11 03:06:15,0x80070490
21947,2016-10-09 04:36:39,0x800f080d
18710,2016-10-08 07:05:53,0x800f080d
6149,2016-10-01 16:38:53,0x800f080d
6872,2016-10-02 00:01:40,0x800f080d
4306,2016-09-30 07:08:56,0x800f080d
12328,2016-10-04 16:50:14,0x800f080d
19774,2016-10-09 02:31:33,0x800f080d
13185,2016-10-05 00:39:38,0x800f080d
289,2016-09-28 04:30:32,0x800f080d
6985,2016-10-02 03:04:49,0x800f080d
6837,2016-10-02 00:01:40,0x800f080d
7144,2016-10-02 03:06:50,0x800f080d
382213,2016-10-11 03:06:19,0x80070490
3992,2016-09-30 00:02:04,0x800f080d
17882,2016-10-07 12:46:23,0x800f080d
399028,2016-10-11 03:06:34,0x80070490
287,2016-09-28 04:30:32,0x800f080d
8805,2016-10-02 14:01:07,0x800f080d
10030,2016-10-03 00:01:35,0x800f080d
7901,2016-10-02 11:59:42,0x800f080d
23929,2016-10-10 19:28:48,0x800f080d
5054,2016-09-30 19:47:16,0x800f080d
21862,2016-10-09 04:36:38,0x800f080d
14287,2016-10-05 21:51:50,0x800f080d
20508,2016-10-09 02:32:03,0x800f080d
9801,2016-10-02 21:11:31,0x800f080d
1265,2016-09-29 02:03:46,0x800f080d
7168,2016-10-02 03:06:50,0x800f080d
13088,2016-10-05 00:39:37,0x800f080d
12085,2016-10-04 16:50:13,0x800f080d
8009,2016-10-02 11:59:44,0x800f080d
23746,2016-10-10 19:28:47,0x800f080d
18850,2016-10-08 07:05:53,0x800f080d
14298,2016-10-05 21:51:50,0x800f080d
1174,2016-09-29 00:01:47,0x800f080d
4268,2016-09-30 07:08:55,0x800f080d
4314,2016-09-30 07:08:56,0x800f080d
18896,2016-10-08 07:05:53,0x800f080d
23744,2016-10-10 19:28:47,0x800f080d
17621,2016-10-07 12:46:20,0x800f080d
10199,2016-10-03 11:08:57,0x800f080d
11984,2016-10-04 07:56:47,0x800f080d
16533,2016-10-06 21:40:50,0x800f080d
17759,2016-10-07 12:46:22,0x800f080d
19532,2016-10-09 02:31:31,0x800f080d
347,2016-09-28 04:30:32,0x800f080d
16710,2016-10-06 21:40:51,0x800f080d
7929,2016-10-02 11:59:42,0x800f080d
15610,2016-10-06 18:02:30,0x800f080d
4350,2016-09-30 07:08:56,0x800f080d
265335,2016-10-11 03:04:24,0x80070490
9881,2016-10-02 21:15:10,0x800f080d
8129,2016-10-02 11:59:45,0x800f080d
1151,2016-09-29 00:01:46,0x800f080d
4229,2016-09-30 07:08:55,0x800f080d
3284,2016-09-29 22:28:43,0x800f080d
386,2016-09-28 04:30:33,0x800f080d
6188,2016-10-01 16:38:53,0x800f080d
123067,2016-10-11 03:03:39,0x80070490
4107,2016-09-30 07:08:53,0x800f080d
6242,2016-10-01 16:38:54,0x800f0805
17764,2016-10-07 12:46:22,0x800f080d
19808,2016-10-09 02:31:33,0x800f080d
11966,2016-10-04 07:56:47,0x800f080d
7789,2016-10-02 03:07:52,0x800f080d
5274,2016-09-30 19:47:18,0x800f080d
12194,2016-10-04 16:50:14,0x800f080d
77610,2016-10-11 03:02:54,0x80070490
15838,2016-10-06 18:02:34,0x800f080d
8056,2016-10-02 11:59:44,0x800f080d
17872,2016-10-07 12:46:23,0x800f080d
13092,2016-10-05 00:39:37,0x800f080d
22007,2016-10-09 04:36:39,0x800f080d
21897,2016-10-09 04:36:38,0x800f080d
11988,2016-10-04 07:56:47,0x800f080d
10386,2016-10-03 11:08:59,0x800f080d
216052,2016-10-11 03:04:02,0x80070490
12099,2016-10-04 16:50:13,0x800f080d
362668,2016-10-11 03:06:14,0x80070490
7977,2016-10-02 11:59:44,0x800f080d
14056,2016-10-05 21:51:48,0x800f080d
400,2016-09-28 04:30:33,0x800f080d
7909,2016-10-02 11:59:42,0x800f080d
4384,2016-09-30 07:08:56,0x800f080d
4123,2016-09-30 07:08:53,0x800f080d
4205,2016-09-30 07:08:55,0x800f080d
146687,2016-10-11 03:03:40,0x80070490
252916,2016-10-11 03:04:15,0x80070490
7904,2016-10-02 11:59:42,0x800f080d
2977,2016-09-29 17:59:33,0x800f080d
13121,2016-10-05 00:39:37,0x800f080d
15665,2016-10-06 18:02:30,0x800f080d
647,2016-09-28 04:30:39,0x800f0805
109941,2016-10-11 03:03:20,0x800f080d
2189,2016-09-29 03:00:27,0x800f080d
11084,2016-10-04 06:23:48,0x800f080d
7932,2016-10-02 11:59:42,0x800f080d
166040,2016-10-11 03:04:01,0x80070490
9978,2016-10-02 21:15:10,0x800f080d
9946,2016-10-02 21:15:10,0x800f080d
374740,2016-10-11 03:06:15,0x80070490
10328,2016-10-03 11:08:59,0x800f080d
11266,2016-10-04 06:23:51,0x800f080d
12183,2016-10-04 16:50:14,0x800f080d
281239,2016-10-11 03:05:29,0x80070490
15779,2016-10-06 18:02:34,0x800f080d
8016,2016-10-02 11:59:44,0x800f080d
